Cod Produto,Nome Produto,Preco Lista,Preco,Base Preco,Ref Marca,Trade Policy,Skuid,Id Listapreco,Canal Venda,Data Alterado
1,Limpador Sanitário,15.5,,,,1,20,1,1,2023-05-17 22:44:12.660000
2,Espanadeira De Plástico,7.7,,,,1,21,1,1,2023-05-17 22:44:12.660000
3,Escova Sanitária,7.7,,,,1,22,1,1,2023-05-17 22:44:12.660000
4,Corda Para Varal De 15 Metros,10.9,,,,1,23,1,1,2023-05-17 22:44:12.660000
5,Escova Sanitária Com Estojo,9.6,,,,1,24,1,1,2023-05-17 22:44:12.660000
6,Corda Para Varal De 10 Metros,10.9,,,,1,25,1,1,2023-05-17 22:44:12.660000
7,Rodo Para Pia,6.0,,,,1,26,1,1,2023-05-17 22:44:12.660000
8,Prendedor De Roupa De Madeira,4.0,,,,1,28,1,1,2023-05-17 22:44:12.660000
9,Água Sanitária Esfrelux 2 litros,7.2,,,,1,146,1,1,2023-05-17 22:44:12.660000
10,Alvejante Sem Cloro Esfrelux 1 litro,4.1,,,,1,147,1,1,2023-05-17 22:44:12.660000
11,Álcool Em Gel Esfrelux 500 ml,10.8,,,,1,148,1,1,2023-05-17 22:44:12.660000
12,Limpa Vidros Esfrelux Spray 500 ml,7.2,,,,1,149,1,1,2023-05-17 22:44:12.660000
13,Prendedor De Roupa Grande,5.4,,,,1,29,1,1,2023-05-17 22:44:12.660000
14,Limpa Vidros Esfrelux Refil 500 ml,3.6,,,,1,150,1,1,2023-05-17 22:44:12.660000
15,Desinfetante Esfrelux Lavanda 500 ml,2.5,,,,1,151,1,1,2023-05-17 22:44:12.660000
16,Desinfetante Esfrelux Floral 500 ml,2.5,,,,1,152,1,1,2023-05-17 22:44:12.660000
17,Desinfetante Esfrelux Citrus 500 ml,2.5,,,,1,153,1,1,2023-05-17 22:44:12.660000
18,Desinfetante Esfrelux Algas Marinhas 500 ml,2.5,,,,1,154,1,1,2023-05-17 22:44:12.660000
19,Capacho Anti-Derrapante,29.0,,,,1,32,1,1,2023-05-17 22:44:12.660000
20,Desinfetante Esfrelux Pinho 500 ml,2.5,,,,1,155,1,1,2023-05-17 22:44:12.660000
21,Desinfetante Esfrelux Eucalipto 500 ml,2.5,,,,1,156,1,1,2023-05-17 22:44:12.660000
22,Tábua De Carne,19.3,,,,1,33,1,1,2023-05-17 22:44:12.660000
23,Desinfetante Esfrelux Lavanda 2 L,6.3,,,,1,157,1,1,2023-05-17 22:44:12.660000
24,Pá Para Lixo Cabo Longo,15.7,,,,1,34,1,1,2023-05-17 22:44:12.660000
25,Desinfetante Esfrelux Floral 2 L,6.3,,,,1,158,1,1,2023-05-17 22:44:12.660000
26,Pá Para Lixo E Espanadeira,16.1,,,,1,35,1,1,2023-05-17 22:44:12.660000
27,Desinfetante Esfrelux Citrus 2 L,6.3,,,,1,159,1,1,2023-05-17 22:44:12.660000
28,Pá Plástica Para Lixo,7.2,,,,1,36,1,1,2023-05-17 22:44:12.660000
29,Desinfetante Esfrelux Algas Marinhas 2 L,6.3,,,,1,160,1,1,2023-05-17 22:44:12.660000
30,Cabide Com 3 Unidades Infantil,7.2,,,,1,37,1,1,2023-05-17 22:44:12.660000
31,Desinfetante Esfrelux Pinho 2 L,6.3,,,,1,161,1,1,2023-05-17 22:44:12.660000
32,Desinfetante Esfrelux Eucalipto 2 L,6.3,,,,1,162,1,1,2023-05-17 22:44:12.660000
33,Cabide Com 3 Unidades Adulto,9.7,,,,1,38,1,1,2023-05-17 22:44:12.660000
34,Limpador Perfumado Esfrelux Sensualidade 500 ml,3.6,,,,1,163,1,1,2023-05-17 22:44:12.660000
35,Mop Refil De Microfibra,37.5,,,,1,39,1,1,2023-05-17 22:44:12.660000
36,Limpador Perfumado Esfrelux Harmonia 500 ml,3.7,,,,1,164,1,1,2023-05-17 22:44:12.660000
37,"Kit Acessórios Para Cabeleireiros Para Tintura Com Pote Para Tintura, Pincel Com Pente e Capa Termoplástica",29.4,,,,1,638,1,1,2023-05-17 22:44:12.660000
38,"Kit Escovas de Cabelo Yellow Hit Tamanhos Variados 40, 35 e 25 mm",120.7,,,,1,640,1,1,2023-05-17 22:44:12.660000
39,Kit Escovas De Cabelo Para o Dia a Dia,52.5,,,,1,641,1,1,2023-05-17 22:44:12.660000
40,"Kit Escova de Cabelo Atria, Sirius e Adhara",128.8,,,,1,642,1,1,2023-05-17 22:44:12.660000
41,"Kit Escovas De Cabelo Spiral, Miss e Purple Hit",129.1,,,,1,643,1,1,2023-05-17 22:44:12.660000
42,Kit Bamboo Hit Com Escovas De Cabelo e Luva Para Lavar e Massagear a Pele,88.8,,,,1,644,1,1,2023-05-17 22:44:12.660000
43,"Kit Escovas De Cabelo Sensitive, Soft e Thermal Hit",124.6,,,,1,645,1,1,2023-05-17 22:44:12.660000
44,Caixa Com 6 Unidades De Mop Flat Chenille,376.1,,,,1,504,1,1,2023-05-17 22:44:12.660000
45,Kit Escovas De Cabelo Antares De Madeira,93.0,,,,1,646,1,1,2023-05-17 22:44:12.660000
46,Caixa Com 6 Unidades De Mop Refil Chenille,114.7,,,,1,505,1,1,2023-05-17 22:44:12.660000
47,Kit Escovas De Cabelo Antares Plástica,35.7,,,,1,647,1,1,2023-05-17 22:44:12.660000
48,Caixa Com 6 Unidades De Mop Esfregão Absorvente POP,382.7,,,,1,506,1,1,2023-05-17 22:44:12.660000
49,Caixa Com 6 Unidades De Mop Refil Esfregão Absorvente POP,254.7,,,,1,507,1,1,2023-05-17 22:44:12.660000
50,Caixa Com 6 Unidades De Mop Limp Lave,152.6,,,,1,508,1,1,2023-05-17 22:44:12.660000
51,Saco Para Lixo Vip 15 Litros Em Rolo Com 20 Unidades Com 12 Rolos ATACADO,32.2,,,,1,509,1,1,2023-05-17 22:44:12.660000
52,Saco Para Lixo Vip 30 Litros Em Rolo Com 20 Unidades Com 12 Rolos ATACADO,69.7,,,,1,510,1,1,2023-05-17 22:44:12.660000
53,Saco Para Lixo Vip 50 Litros Em Rolo Com 20 Unidades Com 12 Rolos ATACADO,78.8,,,,1,511,1,1,2023-05-17 22:44:12.660000
54,Saco Para Lixo Vip 100 Litros Em Rolo Com 15 Unidades Com 12 Rolos ATACADO,104.0,,,,1,512,1,1,2023-05-17 22:44:12.660000
55,Caixa Com 12 Rolos De Saco Para Lixo Em Rolo De 15 Litros Esfrelux Econômico Com 60 Unidades,123.8,,,,1,513,1,1,2023-05-17 22:44:12.660000
56,Caixa Com 20 Kits De Cabide Adulto Com 3 Unidades Cada,144.8,,,,1,537,1,1,2023-05-17 22:44:12.660000
57,Kit Hora de Cuidar da Roupa Santa Maria,47.3,,,,1,538,1,1,2023-05-17 22:44:12.660000
58,Kit Queridinhos Santa Maria,73.4,,,,1,539,1,1,2023-05-17 22:44:12.660000
59,Kit Essencial Santa Maria,137.5,,,,1,540,1,1,2023-05-17 22:44:12.660000
60,Kit Casa Nova Santa Maria,168.0,,,,1,541,1,1,2023-05-17 22:44:12.660000
61,Caixa Com 60 Pacotes De Esponja Esfrelux Multiuso Com Formato Protetor De Unhas,111.5,,,,1,443,1,1,2023-05-17 22:44:12.660000
62,Caixa Com 60 Pacotes De Esponja Esfrelux Soft Com Formato Protetor De Unhas,155.3,,,,1,444,1,1,2023-05-17 22:44:12.660000
63,Caixa Com 60 Pacotes De Esponja Esfrelux Antiaderente Com Formato Protetor De Unhas,117.7,,,,1,445,1,1,2023-05-17 22:44:12.660000
64,Caixa Com 60 Pacotes De Esponja Esfrelux Multiuso Com Formato Protetor De Unhas Com 3 Unidades,355.4,,,,1,446,1,1,2023-05-17 22:44:12.660000
65,Caixa Com 12 Unidades De Esponja Esfrelux Limpa Fácil Com Cabo,209.7,,,,1,448,1,1,2023-05-17 22:44:12.660000
66,Caixa Com 12 Unidades De Esponja Esfrelux Multiuso Com Cabo,211.4,,,,1,449,1,1,2023-05-17 22:44:12.660000
67,Caixa Com 60 Pacotes De Esponja Esfrelux Multiuso Mega Bloco,149.3,,,,1,450,1,1,2023-05-17 22:44:12.660000
68,Caixa Com 12 Unidades De Esponja Para Banho de Nylon,43.6,,,,1,451,1,1,2023-05-17 22:44:12.660000
69,Caixa Com 60 Unidades De Esponja Splum Para Banho Laqua Leve 3 Pague 2,190.9,,,,1,452,1,1,2023-05-17 22:44:12.660000
70,Caixa Com 24 Unidades De Esponja Splum Para Banho Baby Fragance,115.1,,,,1,453,1,1,2023-05-17 22:44:12.660000
71,Caixa Com 12 Unidades De Esponja Esfrelux Limpa Fácil Sem Cabo,192.6,,,,1,454,1,1,2023-05-17 22:44:12.660000
72,Caixa Com 12 Unidades De Esponja Esfrelux Multiuso Sem Cabo,171.5,,,,1,455,1,1,2023-05-17 22:44:12.660000
73,Caixa Com 24 Unidades De Lava Louças Líquido Esfrelux Neutro De 500 ml,47.52,,,,1,456,1,1,2023-05-17 22:44:12.660000
74,Caixa Com 24 Unidades De Lava Louças Líquido Esfrelux Clear De 500 ml,36.3,,,,1,457,1,1,2023-05-17 22:44:12.660000
75,Caixa Com 24 Unidades De Lava Louças Líquido Esfrelux Limão De 500 ml,36.3,,,,1,458,1,1,2023-05-17 22:44:12.660000
76,Caixa Com 24 Unidades De Lava Louças Líquido Esfrelux Maçã  De 500 ml,36.3,,,,1,459,1,1,2023-05-17 22:44:12.660000
77,Caixa Com 24 Unidades De Lava Louças Líquido Esfrelux Coco De 500 ml,36.3,,,,1,460,1,1,2023-05-17 22:44:12.660000
78,Caixa Com 12 Unidades De Limpador Multiuso Esfrelux Classic 500 ml,36.9,,,,1,461,1,1,2023-05-17 22:44:12.660000
79,Caixa Com 12 Unidades De Limpador Multiuso Esfrelux Forte 500 ml,44.3,,,,1,462,1,1,2023-05-17 22:44:12.660000
80,Caixa Com 12 Unidades De Lava Roupas Líquido Esfrelux 1 L,83.1,,,,1,463,1,1,2023-05-17 22:44:12.660000
81,Caixa Com 6 Unidades De Lava Roupas Líquido Esfrelux 2 L,79.0,,,,1,464,1,1,2023-05-17 22:44:12.660000
82,Escova Antares Madeira Cerdas em Nylon 25 mm,28.8,,,,1,196,1,1,2023-05-17 22:44:12.660000
83,Escova Antares Madeira Cerdas em Nylon 20 mm,26.1,,,,1,197,1,1,2023-05-17 22:44:12.660000
84,Escova Antares Madeira Cerdas em Nylon Meia Bola,15.7,,,,1,198,1,1,2023-05-17 22:44:12.660000
85,Escova Antares Plástica,18.1,,,,1,199,1,1,2023-05-17 22:44:12.660000
86,Escova Antares Esqueleto Retangular,10.7,,,,1,200,1,1,2023-05-17 22:44:12.660000
87,Escova Antares Esqueleto Oval,10.7,,,,1,201,1,1,2023-05-17 22:44:12.660000
88,Pente Para Família Com Gliter Com 3 Unidades Corpus,6.3,,,,1,202,1,1,2023-05-17 22:44:12.660000
89,Pente Para Família Com 3 Unidades Corpus,8.5,,,,1,203,1,1,2023-05-17 22:44:12.660000
90,Escova Flexível All Day Retangular,6.7,,,,1,204,1,1,2023-05-17 22:44:12.660000
91,Escova Flexível All Day Oval,6.7,,,,1,205,1,1,2023-05-17 22:44:12.660000
92,Escova Flexível All Day Plástica,16.9,,,,1,206,1,1,2023-05-17 22:44:12.660000
93,Escova Bellatrix Raquete Quadrada,24.2,,,,1,207,1,1,2023-05-17 22:44:12.660000
94,Escova Bellatrix Raquete Oval,24.2,,,,1,208,1,1,2023-05-17 22:44:12.660000
95,Escova Bellatrix Raquete Oblonga,24.2,,,,1,209,1,1,2023-05-17 22:44:12.660000
96,Escova Bellatrix Esqueleto Jumbo,22.8,,,,1,210,1,1,2023-05-17 22:44:12.660000
97,Escova Bellatrix Esqueleto Retangular,22.8,,,,1,211,1,1,2023-05-17 22:44:12.660000
98,Escova Magic Colors Black Quadrada,21.5,,,,1,212,1,1,2023-05-17 22:44:12.660000
99,Escova Magic Colors White Quadrada,21.5,,,,1,213,1,1,2023-05-17 22:44:12.660000
100,Escova Magic Colors Black Oval,21.5,,,,1,214,1,1,2023-05-17 22:44:12.660000
101,Escova Magic Colors White Oval,21.5,,,,1,215,1,1,2023-05-17 22:44:12.660000
102,Escova Atria ABS Com Tubo Cerâmico e Cerdas Mistas De 40 mm,45.2,,,,1,216,1,1,2023-05-17 22:44:12.660000
103,Escova Atria ABS Com Tubo Cerâmico e Cerdas Mistas De 35 mm,42.3,,,,1,217,1,1,2023-05-17 22:44:12.660000
104,Escova Magic Colors Black White Quadrada,21.5,,,,1,218,1,1,2023-05-17 22:44:12.660000
105,Escova Atria ABS Com Tubo Cerâmico e Cerdas Mistas De 25 mm,37.5,,,,1,219,1,1,2023-05-17 22:44:12.660000
106,Escova Atria ABS Com Tubo Cerâmico e Cerdas Mistas De 20 mm,33.6,,,,1,220,1,1,2023-05-17 22:44:12.660000
107,Escova Magic Colors Black White Oval,21.5,,,,1,221,1,1,2023-05-17 22:44:12.660000
108,Escova Sírus ABS Com Tubo De Alumínio e Cerdas Em Nylon De 40 mm,54.4,,,,1,222,1,1,2023-05-17 22:44:12.660000
109,Escova Sírus ABS Com Tubo De Alumínio e Cerdas Em Nylon De 35 mm,49.6,,,,1,223,1,1,2023-05-17 22:44:12.660000
110,Escova Sírus ABS Com Tubo De Alumínio e Cerdas Em Nylon De 30 mm,42.3,,,,1,224,1,1,2023-05-17 22:44:12.660000
111,Caixa Com 12 Rolos De Saco Para Lixo Em Rolo De 30 Litros Esfrelux Econômico Com 30 Unidades,123.8,,,,1,514,1,1,2023-05-17 22:44:12.660000
112,Caixa Com 12 Rolos De Saco Para Lixo Em Rolo De 50 Litros Esfrelux Econômico Com 30 Unidades,123.8,,,,1,515,1,1,2023-05-17 22:44:12.660000
113,Caixa Com 12 Rolos De Saco Para Lixo Em Rolo De 100 Litros Esfrelux Econômico Com 15 Unidades,123.8,,,,1,516,1,1,2023-05-17 22:44:12.660000
114,Caixa Com 40 Pacotes De Saco Para Lixo De Pia E Banheiro Esfrelux Plus Com 20 Unidades,167.7,,,,1,517,1,1,2023-05-17 22:44:12.660000
115,Caixa Com 40 Pacotes De Saco Para Lixo Esfrelux Plus Com 15 Litros Em Almofada Com 20 Unidades,138.3,,,,1,518,1,1,2023-05-17 22:44:12.660000
116,Caixa Com 40 Pacotes De Saco Para Lixo Esfrelux Plus Com 30 Litros Em Almofada Com 10 Unidades,138.3,,,,1,519,1,1,2023-05-17 22:44:12.660000
117,Caixa Com 40 Pacotes De Saco Para Lixo Esfrelux Plus Com 50 Litros Em Almofada Com 10 Unidades,138.3,,,,1,520,1,1,2023-05-17 22:44:12.660000
118,Caixa Com 40 Pacotes De Saco Para Lixo Esfrelux Plus Com 100 Litros Em Almofada Com 5 Unidades,136.9,,,,1,521,1,1,2023-05-17 22:44:12.660000
119,Caixa Com 40 Pacotes De Saco Para Lixo Esfrelux Plus Com 200 Litros Em Almofada Com 5 Unidades,199.0,,,,1,522,1,1,2023-05-17 22:44:12.660000
120,Caixa Com 36 Unidades De Escova Multiuso Oval,156.2,,,,1,523,1,1,2023-05-17 22:44:12.660000
121,Caixa Com 36 Unidades De Escova Multiuso Retangular,195.9,,,,1,524,1,1,2023-05-17 22:44:12.660000
122,Caixa Com 24 Unidades De Desentupidor De Pia,184.8,,,,1,526,1,1,2023-05-17 22:44:12.660000
123,Caixa Com 12 Unidades De Desentupidor Sanitário,176.4,,,,1,527,1,1,2023-05-17 22:44:12.660000
124,Caixa Com 12 Unidades De Limpador Sanitário,66.5,,,,1,528,1,1,2023-05-17 22:44:12.660000
125,Caixa Com 24 Unidades De Espanadeira De Plástico,168.8,,,,1,529,1,1,2023-05-17 22:44:12.660000
126,Caixa Com 12 Unidades De Escova Sanitária,69.3,,,,1,530,1,1,2023-05-17 22:44:12.660000
127,Caixa Com 6 Unidades De Escova Sanitária Com Estojo,65.6,,,,1,531,1,1,2023-05-17 22:44:12.660000
128,Caixa Com 12 Unidades De Tábua De Carne,200.9,,,,1,532,1,1,2023-05-17 22:44:12.660000
129,Caixa Com 24 Unidades De Pá Para Lixo Cabo Longo,315.8,,,,1,533,1,1,2023-05-17 22:44:12.660000
130,Caixa Com 12 Unidades De Pá Para Lixo E Espanadeira,181.5,,,,1,534,1,1,2023-05-17 22:44:12.660000
131,Caixa Com 24 Unidades De Pá Plástica Para Lixo,161.3,,,,1,535,1,1,2023-05-17 22:44:12.660000
132,Esponja Esfrelux Multiuso Sem Cabo,15.7,,,,1,395,1,1,2023-05-17 22:44:12.660000
133,Caixa Com 12 Unidades De Vassoura Lava Casa Plástica Uso Externo Com Cabo,275.5,,,,1,396,1,1,2023-05-17 22:44:12.660000
134,Caixa Com 12 Unidades De Vassoura Phenix Multiuso Com Cabo,142.4,,,,1,397,1,1,2023-05-17 22:44:12.660000
135,Caixa Com 12 Unidades De Vassoura Tutty Multiuso Com Cabo,264.3,,,,1,398,1,1,2023-05-17 22:44:12.660000
136,Caixa Com 12 Unidades De Vassoura Varre Casa Uso Interno Com Cabo,177.7,,,,1,399,1,1,2023-05-17 22:44:12.660000
137,Caixa Com 12 Unidades De Vassoura Piaçalux Com Cabo,197.9,,,,1,401,1,1,2023-05-17 22:44:12.660000
138,Caixa Com 12 Unidades De Vassoura Terreiro Com Cabo,304.7,,,,1,402,1,1,2023-05-17 22:44:12.660000
139,Caixa Com 12 Unidades De Vassoura Lava Casa Plástica Uso Externo Sem Cabo,179.5,,,,1,403,1,1,2023-05-17 22:44:12.660000
140,Caixa Com 12 Unidades De Vassoura Phenix Multiuso Sem Cabo,118.9,,,,1,404,1,1,2023-05-17 22:44:12.660000
141,Caixa Com 12 Unidades De Vassoura Tutty Multiuso Sem Cabo,183.3,,,,1,405,1,1,2023-05-17 22:44:12.660000
142,Caixa Com 12 Unidades De Vassoura Varre Casa Uso Interno Sem Cabo,192.6,,,,1,406,1,1,2023-05-17 22:44:12.660000
143,Caixa Com 12 Unidades De Vassoura Piaçalux Sem Cabo,139.8,,,,1,408,1,1,2023-05-17 22:44:12.660000
144,Caixa Com 12 Unidades De Vassoura Terreiro Sem Cabo,246.6,,,,1,409,1,1,2023-05-17 22:44:12.660000
145,Caixa Com 12 Unidades De Rodo Multiuso Com Cabo 30 Cm,180.3,,,,1,410,1,1,2023-05-17 22:44:12.660000
146,Caixa Com 12 Unidades De Rodo Multiuso Com Cabo 40 Cm,232.2,,,,1,411,1,1,2023-05-17 22:44:12.660000
147,Caixa Com 12 Unidades De Rodo Multiuso Com Cabo 60 Cm,271.9,,,,1,412,1,1,2023-05-17 22:44:12.660000
148,Rodo Multiuso Vip 30 Cm Com Cabo Com 12 Unidades ATACADO,166.5,,,,1,413,1,1,2023-05-17 22:44:12.660000
149,Rodo Multiuso Vip 40 Cm Com Cabo Com 12 Unidades ATACADO,170.3,,,,1,414,1,1,2023-05-17 22:44:12.660000
150,Caixa Com 12 Unidades De Rodo Multiuso 30 Cm Sem Cabo,139.8,,,,1,415,1,1,2023-05-17 22:44:12.660000
151,Caixa Com 12 Unidades De Rodo Multiuso 40 Cm Sem Cabo,153.0,,,,1,416,1,1,2023-05-17 22:44:12.660000
152,Caixa Com 12 Unidades De Rodo Multiuso 60 Cm Sem Cabo,258.6,,,,1,417,1,1,2023-05-17 22:44:12.660000
153,Rodo Multiuso Vip 30 Cm Sem Cabo Com 12 Unidades ATACADO,108.4,,,,1,418,1,1,2023-05-17 22:44:12.660000
154,Rodo Multiuso Vip 40 Cm Sem Cabo Com 12 Unidades ATACADO,112.2,,,,1,419,1,1,2023-05-17 22:44:12.660000
155,Caixa Com 24 Unidades De Esponja Splum Vegetal Pedaço Pequeno,130.7,,,,1,420,1,1,2023-05-17 22:44:12.660000
156,Esponja Splum Para Banho Laqua Unitária Santa Maria,2.1,,,,1,77,1,1,2023-05-17 22:44:12.660000
157,Saco Para Lixo Em Rolo De 15 Litros Esfrelux Econômico Com 60 Unidades Santa Maria,12.1,,,,1,78,1,1,2023-05-17 22:44:12.660000
158,Saco Para Lixo Em Rolo De 30 Litros Esfrelux Econômico Com 30 Unidades Santa Maria,12.1,,,,1,79,1,1,2023-05-17 22:44:12.660000
159,Saco Para Lixo Em Rolo De 50 Litros Esfrelux Econômico Com 30 Unidades Santa Maria,12.1,,,,1,80,1,1,2023-05-17 22:44:12.660000
160,Saco Para Lixo Em Rolo De 100 Litros Esfrelux Econômico Com 15 Unidades Santa Maria,12.1,,,,1,81,1,1,2023-05-17 22:44:12.660000
161,Saco Para Lixo De Pia E Banheiro Esfrelux Plus Com 20 Unidades Santa Maria,6.0,,,,1,82,1,1,2023-05-17 22:44:12.660000
162,Saco Para Lixo Esfrelux Azul Com 15 Litros Em Rolo Com 60 Unidades Santa Maria,12.1,,,,1,83,1,1,2023-05-17 22:44:12.660000
163,Saco Para Lixo Esfrelux Azul Com 30 Litros Em Rolo Com 30 Unidades Santa Maria,12.1,,,,1,84,1,1,2023-05-17 22:44:12.660000
164,Saco Para Lixo Esfrelux Azul Com 50 Litros Em Rolo Com 30 Unidades Santa Maria,12.1,,,,1,85,1,1,2023-05-17 22:44:12.660000
165,Saco Para Lixo Esfrelux Azul Com 100 Litros Em Rolo Com 15 Unidades Santa Maria,12.1,,,,1,86,1,1,2023-05-17 22:44:12.660000
166,Saco Para Lixo Esfrelux Plus Com 15 Litros Em Rolo Com 40 Unidades Santa Maria,13.3,,,,1,87,1,1,2023-05-17 22:44:12.660000
167,Saco Para Lixo Esfrelux Plus Com 30 Litros Em Rolo Com 50 Unidades Santa Maria,19.3,,,,1,88,1,1,2023-05-17 22:44:12.660000
168,Saco Para Lixo Esfrelux Plus Com 50 Litros Em Rolo Com 50 Unidades Santa Maria,21.9,,,,1,89,1,1,2023-05-17 22:44:12.660000
169,Saco Para Lixo Esfrelux Plus Com 100 Litros Em Rolo Com 25 Unidades Santa Maria,21.9,,,,1,90,1,1,2023-05-17 22:44:12.660000
170,Saco Para Lixo Esfrelux Plus Com 200 Litros Em Rolo Com 25 Unidades Santa Maria,28.2,,,,1,91,1,1,2023-05-17 22:44:12.660000
171,Saco Para Lixo Esfrelux Plus Com 15 Litros Em Almofada Com 20 Unidades Santa Maria,6.0,,,,1,92,1,1,2023-05-17 22:44:12.660000
172,Rolo Adesivo Esfrelux,15.6,,,,1,97,1,1,2023-05-17 22:44:12.660000
173,Luvas Multiuso Forradas Tamanho P,9.1,,,,1,98,1,1,2023-05-17 22:44:12.660000
174,Luvas Multiuso Forradas Tamanho M,9.1,,,,1,99,1,1,2023-05-17 22:44:12.660000
175,Luvas Multiuso Forradas Tamanho G,9.1,,,,1,100,1,1,2023-05-17 22:44:12.660000
176,Luvas Multiuso Forradas Tamanho GG,9.1,,,,1,101,1,1,2023-05-17 22:44:12.660000
177,Esponja Esfrelux Mágica,5.9,,,,1,102,1,1,2023-05-17 22:44:12.660000
178,Caixa Com 6 Unidades De Escova Blue Hit 40 mm,342.7,,,,1,593,1,1,2023-05-17 22:44:12.660000
179,Caixa Com 12 Unidades De Limpador Concentrado Perfumado Eucalipto,99.5,,,,1,671,1,1,2023-05-17 22:44:12.660000
180,Caixa Com 6 Unidades De Escova Blue Hit 35 mm,252.9,,,,1,594,1,1,2023-05-17 22:44:12.660000
181,Limpador Concentrado Perfumado Capim Limão,9.2,,,,1,672,1,1,2023-05-17 22:44:12.660000
182,Caixa Com 6 Unidades De Escova Blue Hit 25 mm,242.0,,,,1,595,1,1,2023-05-17 22:44:12.660000
183,Caixa Com 12 Unidades De Limpador Concentrado Perfumado Capim Limão,99.5,,,,1,673,1,1,2023-05-17 22:44:12.660000
184,Caixa Com 6 Unidades De Escova Blue Hit 20 mm,212.4,,,,1,596,1,1,2023-05-17 22:44:12.660000
185,Caixa Com 6 Unidades De Escova Spiral Hit 40 mm,342.7,,,,1,597,1,1,2023-05-17 22:44:12.660000
186,Limpador Concentrado Perfumado Citronela,9.2,,,,1,674,1,1,2023-05-17 22:44:12.660000
187,Caixa Com 6 Unidades De Escova Spiral Hit 35 mm,183.1,,,,1,598,1,1,2023-05-17 22:44:12.660000
188,Caixa Com 12 Unidades De Limpador Concentrado Perfumado Citronela,99.5,,,,1,675,1,1,2023-05-17 22:44:12.660000
189,Caixa Com 6 Unidades De Escova Spiral Hit 25 mm,145.8,,,,1,599,1,1,2023-05-17 22:44:12.660000
190,Caixa Com 6 Unidades De Escova Spiral Hit 20 mm,228.5,,,,1,600,1,1,2023-05-17 22:44:12.660000
191,Limpador Concentrado Perfumado Algas Marinhas,9.2,,,,1,676,1,1,2023-05-17 22:44:12.660000
192,Caixa Com 6 Unidades De Escova Miss Hit 40 mm,207.4,,,,1,601,1,1,2023-05-17 22:44:12.660000
193,Caixa Com 12 Unidades De Limpador Concentrado Perfumado Algas Marinhas,99.5,,,,1,677,1,1,2023-05-17 22:44:12.660000
194,Caixa Com 6 Unidades De Escova Miss Hit 35 mm,183.1,,,,1,602,1,1,2023-05-17 22:44:12.660000
195,Limpador Concentrado Perfumado Talco,9.2,,,,1,678,1,1,2023-05-17 22:44:12.660000
196,Caixa Com 6 Unidades De Escova Miss Hit 20 mm,212.4,,,,1,603,1,1,2023-05-17 22:44:12.660000
197,Caixa Com 6 Unidades De Escova Soft Hit 40 mm,193.3,,,,1,604,1,1,2023-05-17 22:44:12.660000
198,Caixa Com 6 Unidades De Escova Soft Hit 35 mm,176.7,,,,1,605,1,1,2023-05-17 22:44:12.660000
199,Caixa Com 6 Unidades De Escova Soft Hit 25 mm,195.5,,,,1,606,1,1,2023-05-17 22:44:12.660000
200,Caixa Com 6 Unidades De Escova Soft Hit 20 mm,130.5,,,,1,607,1,1,2023-05-17 22:44:12.660000
201,Caixa Com 6 Unidades De Escova Sensitive Hit 40 mm,186.3,,,,1,608,1,1,2023-05-17 22:44:12.660000
202,Caixa Com 6 Unidades De Escova Sensitive Hit 35 mm,252.9,,,,1,609,1,1,2023-05-17 22:44:12.660000
203,Caixa Com 6 Unidades De Escova Sensitive Hit 25 mm,133.2,,,,1,610,1,1,2023-05-17 22:44:12.660000
204,Caixa Com 6 Unidades De Escova Sensitive Hit 20 mm,212.9,,,,1,611,1,1,2023-05-17 22:44:12.660000
205,Limpador Perfumado Esfrelux Emoção 500 ml,3.7,,,,1,165,1,1,2023-05-17 22:44:12.660000
206,Limpador Perfumado Esfrelux Mistérios 500 ml,3.7,,,,1,166,1,1,2023-05-17 22:44:12.660000
207,Limpador Perfumado Esfrelux Frescor 500 ml,3.7,,,,1,167,1,1,2023-05-17 22:44:12.660000
208,Limpador Perfumado Esfrelux Sensualidade 1 L,5.9,,,,1,168,1,1,2023-05-17 22:44:12.660000
209,Limpador Perfumado Esfrelux Harmonia 1 L,5.9,,,,1,169,1,1,2023-05-17 22:44:12.660000
210,Pedra Sanitária Esfrelux Eucalipto 25 g,2.1,,,,1,170,1,1,2023-05-17 22:44:12.660000
211,Pedra Sanitária Esfrelux Floral 25 g,2.1,,,,1,171,1,1,2023-05-17 22:44:12.660000
212,Pedra Sanitária Esfrelux Jasmim 25 g,2.1,,,,1,172,1,1,2023-05-17 22:44:12.660000
213,Pedra Sanitária Esfrelux Lavanda 25 g,2.1,,,,1,173,1,1,2023-05-17 22:44:12.660000
214,Pedra Sanitária Esfrelux Mista Encartelada 25 g,2.1,,,,1,175,1,1,2023-05-17 22:44:12.660000
215,Limpador Perfumado Esfrelux Emoção 1 L,5.3,,,,1,176,1,1,2023-05-17 22:44:12.660000
216,Limpador Perfumado Esfrelux Mistérios 1 L,5.9,,,,1,177,1,1,2023-05-17 22:44:12.660000
217,Limpador Perfumado Esfrelux Frescor 1 L,5.3,,,,1,178,1,1,2023-05-17 22:44:12.660000
218,Naftalina Em Bolas Esfrelux 30 g,2.4,,,,1,179,1,1,2023-05-17 22:44:12.660000
219,Bloco Para Caixa Acoplada Blister Pinho Esfrelux 50 g,9.4,,,,1,180,1,1,2023-05-17 22:44:12.660000
220,Bloco Para Caixa Acoplada Blister Lavanda Esfrelux 50 g,9.4,,,,1,181,1,1,2023-05-17 22:44:12.660000
221,Evita Mofo Esfrelux Sonho De Infância 100 g,9.7,,,,1,182,1,1,2023-05-17 22:44:12.660000
222,Evita Mofo Esfrelux Lavanda 100 g,9.7,,,,1,183,1,1,2023-05-17 22:44:12.660000
223,Evita Mofo Esfrelux Neutro 100 g,9.7,,,,1,184,1,1,2023-05-17 22:44:12.660000
224,Evita Mofo Esfrelux Sonho De Infância 180 g,13.3,,,,1,185,1,1,2023-05-17 22:44:12.660000
225,Evita Mofo Esfrelux Lavanda 180 g,13.3,,,,1,186,1,1,2023-05-17 22:44:12.660000
226,Evita Mofo Esfrelux Neutro 180 g,13.3,,,,1,187,1,1,2023-05-17 22:44:12.660000
227,Saponáceo Cremoso Esfrelux Floral 300 ml,8.5,,,,1,188,1,1,2023-05-17 22:44:12.660000
228,Saponáceo Cremoso Esfrelux Lavanda 300 ml,8.5,,,,1,189,1,1,2023-05-17 22:44:12.660000
229,Saponáceo Cremoso Esfrelux Limão 300 ml,8.5,,,,1,190,1,1,2023-05-17 22:44:12.660000
230,Saponáceo Cremoso Esfrelux Cloro 300 ml,8.5,,,,1,191,1,1,2023-05-17 22:44:12.660000
231,Limpador Polidor De Alumínio E Inox Esfrelux 300 ml,8.5,,,,1,192,1,1,2023-05-17 22:44:12.660000
232,Limpa Box 4 em 1 Esfrelux 300 ml,9.7,,,,1,193,1,1,2023-05-17 22:44:12.660000
233,Escova Antares Madeira Cerdas em Nylon 40 mm,39.9,,,,1,194,1,1,2023-05-17 22:44:12.660000
234,Escova Antares Madeira Cerdas em Nylon 35 mm,34.6,,,,1,195,1,1,2023-05-17 22:44:12.660000
235,Kit Banheiro Plim Santa Maria,86.0,,,,1,542,1,1,2023-05-17 22:44:12.660000
236,Kit Lavando a Louça Santa Maria,48.4,,,,1,543,1,1,2023-05-17 22:44:12.660000
237,Caixa Com 24 Pacotes De Pano Limpa Tudo,176.9,,,,1,544,1,1,2023-05-17 22:44:12.660000
238,Caixa Com 24 Pacotes De Pano Limpa Tudo em Rolo,329.3,,,,1,545,1,1,2023-05-17 22:44:12.660000
239,Caixa Com 24 Pacotes De Pano Esfrelux Multiuso Dupla Face Unitário,108.9,,,,1,546,1,1,2023-05-17 22:44:12.660000
240,Caixa Com 6 Pacotes De Pano Esfrelux Microfibra com 3 Unidades Cada,108.9,,,,1,548,1,1,2023-05-17 22:44:12.660000
241,Caixa Com 6 Pacotes De Pano Esfrelux Microfibra Unitário Tamanho M,38.2,,,,1,549,1,1,2023-05-17 22:44:12.660000
242,Caixa Com 6 Pacotes De Pano Esfrelux Microfibra Unitário Tamanho G,111.2,,,,1,550,1,1,2023-05-17 22:44:12.660000
243,Caixa Com 12 Unidades De Limpador Esfrelux Multiuso Campestre 500 ml,36.9,,,,1,551,1,1,2023-05-17 22:44:12.660000
244,Caixa Com 6 Unidades De Escova Antares Madeira Cerdas em Nylon 40 mm,209.8,,,,1,552,1,1,2023-05-17 22:44:12.660000
245,Caixa Com 6 Unidades De Escova Antares Madeira Cerdas em Nylon 35 mm,175.3,,,,1,553,1,1,2023-05-17 22:44:12.660000
246,Caixa Com 6 Unidades De Escova Antares Madeira Cerdas em Nylon 25 mm,146.7,,,,1,554,1,1,2023-05-17 22:44:12.660000
247,Caixa Com 6 Unidades De Escova Antares Madeira Cerdas em Nylon 20 mm,133.0,,,,1,555,1,1,2023-05-17 22:44:12.660000
248,Caixa Com 6 Unidades De Escova Antares Madeira Cerdas em Nylon Meia Bola,71.2,,,,1,556,1,1,2023-05-17 22:44:12.660000
249,Caixa Com 6 Unidades De Escova Antares Flexível All Day Plástica,118.6,,,,1,559,1,1,2023-05-17 22:44:12.660000
250,Caixa Com 6 Unidades De Escova Bellatrix Raquete Quadrada,118.6,,,,1,560,1,1,2023-05-17 22:44:12.660000
251,Caixa Com 6 Unidades De Escova Bellatrix Raquete Oval,118.6,,,,1,561,1,1,2023-05-17 22:44:12.660000
252,Caixa Com 6 Unidades De Escova Bellatrix Raquete Oblonga,118.6,,,,1,562,1,1,2023-05-17 22:44:12.660000
253,Caixa Com 6 Unidades De Escova Bellatrix Esqueleto Jumbo,118.6,,,,1,563,1,1,2023-05-17 22:44:12.660000
254,Caixa Com 6 Unidades De Escova Bellatrix Esqueleto Retangular,118.6,,,,1,564,1,1,2023-05-17 22:44:12.660000
255,Caixa Com 6 Unidades De Escova Magic Colors Black Quadrada,95.6,,,,1,565,1,1,2023-05-17 22:44:12.660000
256,Kit Escovas De Cabelo Antares De Madeira e Plástica,76.8,,,,1,648,1,1,2023-05-17 22:44:12.660000
257,Caixa Com 6 Unidades De Escova Magic Colors White Quadrada,92.8,,,,1,566,1,1,2023-05-17 22:44:12.660000
258,Caixa Com 6 Unidades De Flotador Multiuso Esfrelux 2 L,87.2,,,,1,465,1,1,2023-05-17 22:44:12.660000
259,Caixa Com 6 Unidades De Amaciante Amacilux Toque de Pureza 2 L,36.4,,,,1,466,1,1,2023-05-17 22:44:12.660000
260,Caixa Com 6 Unidades De Amaciante Amacilux Aconchego e Conforto 2 L,36.4,,,,1,467,1,1,2023-05-17 22:44:12.660000
261,Caixa Com 6 Unidades De Amaciante Amacilux Maciez e Carinho 2 L,36.4,,,,1,468,1,1,2023-05-17 22:44:12.660000
262,Caixa Com 12 Unidades De Amaciante Amacilux Concentrado Salmon Soft 500 ml,68.8,,,,1,469,1,1,2023-05-17 22:44:12.660000
263,Caixa Com 12 Unidades De Amaciante Amacilux Concentrado Purple Soft 500 ml,68.8,,,,1,470,1,1,2023-05-17 22:44:12.660000
264,Caixa Com 12 Unidades De Facilitador De Passar Roupas Amacilux Spray 500 ml,107.8,,,,1,471,1,1,2023-05-17 22:44:12.660000
265,Caixa Com 12 Unidades De Facilitador De Passar Roupas Amacilux Refil 500 ml,49.0,,,,1,472,1,1,2023-05-17 22:44:12.660000
266,Água Sanitária Esfrelux 1 L Com 12 Unidades ATACADO,46.0,,,,1,473,1,1,2023-05-17 22:44:12.660000
267,Água Sanitária Esfrelux 2 L Com 6 Unidades ATACADO,42.1,,,,1,474,1,1,2023-05-17 22:44:12.660000
268,Caixa Com 12 Unidades De Alvejante Sem Cloro Esfrelux 1 L,49.0,,,,1,475,1,1,2023-05-17 22:44:12.660000
269,Caixa Com 12 Unidades De Limpa Vidros Esfrelux Spray 500 ml,107.8,,,,1,476,1,1,2023-05-17 22:44:12.660000
270,Caixa Com 12 Unidades De Limpa Vidros Esfrelux Refil 500 ml,39.1,,,,1,477,1,1,2023-05-17 22:44:12.660000
271,Caixa Com 12 Unidades De Desinfetante Esfrelux Lavanda 500 ml,24.1,,,,1,478,1,1,2023-05-17 22:44:12.660000
272,Caixa Com 12 Unidades De Desinfetante Esfrelux Floral 500 ml,24.1,,,,1,479,1,1,2023-05-17 22:44:12.660000
273,Caixa Com 12 Unidades De Desinfetante Esfrelux Citrus 500 ml,24.1,,,,1,480,1,1,2023-05-17 22:44:12.660000
274,Caixa Com 12 Unidades De Desinfetante Esfrelux Algas Marinhas 500 ml,24.1,,,,1,481,1,1,2023-05-17 22:44:12.660000
275,Caixa Com 12 Unidades De Desinfetante Esfrelux Pinho 500 ml,24.1,,,,1,482,1,1,2023-05-17 22:44:12.660000
276,Caixa Com 12 Unidades De Desinfetante Esfrelux Eucalipto 500 ml,24.1,,,,1,483,1,1,2023-05-17 22:44:12.660000
277,Caixa Com 6 Unidades De Desinfetante Esfrelux Lavanda 2 L,34.2,,,,1,484,1,1,2023-05-17 22:44:12.660000
278,Caixa Com 6 Unidades De Desinfetante Esfrelux Floral 2 L,34.2,,,,1,485,1,1,2023-05-17 22:44:12.660000
279,Caixa Com 6 Unidades De Desinfetante Esfrelux Citrus 2 L,34.2,,,,1,486,1,1,2023-05-17 22:44:12.660000
280,Caixa Com 6 Unidades De Desinfetante Esfrelux Algas Marinhas 2 L,34.2,,,,1,487,1,1,2023-05-17 22:44:12.660000
281,Caixa Com 12 Rolos De Saco Para Lixo 15 L Reforçado,129.4,,,,1,726,1,1,2023-05-17 22:44:12.660000
282,Caixa Com 12 Rolos De Saco Para Lixo 30 L Reforçado,211.0,,,,1,727,1,1,2023-05-17 22:44:12.660000
283,Caixa Com 12 Rolos De Saco Para Lixo 50 L Reforçado,349.3,,,,1,728,1,1,2023-05-17 22:44:12.660000
284,Caixa Com 12 Rolos De Saco Para Lixo 100 L Reforçado,253.3,,,,1,729,1,1,2023-05-17 22:44:12.660000
285,Caixa Com 12 Rolos De Saco Para Lixo 150 L Reforçado,206.3,,,,1,730,1,1,2023-05-17 22:44:12.660000
286,Caixa Com 12 Rolos De Saco Para Lixo 200 L Reforçado,297.5,,,,1,731,1,1,2023-05-17 22:44:12.660000
287,Kit Limpeza Hora de Cuidar da Roupa Santa Maria,57.8,,,,1,735,1,1,2023-05-17 22:44:12.660000
288,Kit Limpeza Queridinhos Santa Maria,75.5,,,,1,736,1,1,2023-05-17 22:44:12.660000
289,Kit Limpeza Essencial Santa Maria,110.2,,,,1,737,1,1,2023-05-17 22:44:12.660000
290,Kit Limpeza Casa Nova Santa Maria,149.3,,,,1,738,1,1,2023-05-17 22:44:12.660000
291,Kit Limpeza Banheiro Plim Santa Maria,91.8,,,,1,739,1,1,2023-05-17 22:44:12.660000
292,Kit Limpeza Lavando a Louça Santa Maria,44.6,,,,1,740,1,1,2023-05-17 22:44:12.660000
293,Kit Cabides Para Camisas Com 9 unidades Santa Maria,26.1,,,,1,741,1,1,2023-05-17 22:44:12.660000
294,Kit Cabides Para Camisas Com 18 unidades Santa Maria,52.3,,,,1,742,1,1,2023-05-17 22:44:12.660000
295,Kit Cabides Para Camisas Com 27 unidades Santa Maria,78.3,,,,1,743,1,1,2023-05-17 22:44:12.660000
296,"Kit Beleza Escovas De Cabelo Glam Hit Quadrada, Oval e Oblonga",69.0,,,,1,746,1,1,2023-05-17 22:44:12.660000
297,"Kit Beleza Acessórios Para Cabeleireiros Para Tintura Com Pote Para Tintura, Pincel Com Pente e Capa Termoplástica",29.4,,,,1,747,1,1,2023-05-17 22:44:12.660000
298,Kit Beleza Cílios Postiços Com Formatos e Tamanhos Diferentes,16.3,,,,1,748,1,1,2023-05-17 22:44:12.660000
299,"Kit Beleza Escovas de Cabelo Yellow Hit Tamanhos Variados 40, 35 e 25 mm",146.5,,,,1,749,1,1,2023-05-17 22:44:12.660000
300,Kit Beleza Escovas De Cabelo Para o Dia a Dia,84.0,,,,1,750,1,1,2023-05-17 22:44:12.660000
301,"Kit Beleza Escova de Cabelo Atria, Sirius e Adhara",128.8,,,,1,751,1,1,2023-05-17 22:44:12.660000
302,"Kit Beleza Escovas De Cabelo Spiral, Miss e Purple Hit",118.9,,,,1,752,1,1,2023-05-17 22:44:12.660000
303,"Kit Beleza Escovas De Cabelo Sensitive, Soft e Thermal Hit",129.6,,,,1,754,1,1,2023-05-17 22:44:12.660000
304,Kit Beleza Escovas De Cabelo Antares De Madeira,93.0,,,,1,755,1,1,2023-05-17 22:44:12.660000
305,Kit Beleza Escovas De Cabelo Antares Plástica,31.0,,,,1,756,1,1,2023-05-17 22:44:12.660000
306,Kit Beleza Escovas De Cabelo Antares De Madeira e Plástica,67.0,,,,1,757,1,1,2023-05-17 22:44:12.660000
307,Cílios Postiços Profissionais Com 2 Unidades Corpus,6.0,,,,1,270,1,1,2023-05-17 22:44:12.660000
308,Puff Para Maquiagem Com 4 Unidades Corpus,7.2,,,,1,271,1,1,2023-05-17 22:44:12.660000
309,Esponja Para Pancake Corretivo Base Com 2 Unidades Corpus,7.2,,,,1,272,1,1,2023-05-17 22:44:12.660000
310,Design Sobrancelhas Com 4 Tamanhos Corpus,6.0,,,,1,273,1,1,2023-05-17 22:44:12.660000
311,Pincel Para Pó Compacto Corpus,18.1,,,,1,274,1,1,2023-05-17 22:44:12.660000
312,Pincel Para Pentear e Escovar Sobrancelhas e Cílios Corpus,7.2,,,,1,275,1,1,2023-05-17 22:44:12.660000
313,Pincel Para Tintura Grande Corpus,4.8,,,,1,276,1,1,2023-05-17 22:44:12.660000
314,Pincel Para Tintura Formato Ideal Apoio Na Tigela Corpus,4.8,,,,1,277,1,1,2023-05-17 22:44:12.660000
315,Pincel De Barbear Corpus,14.5,,,,1,278,1,1,2023-05-17 22:44:12.660000
316,Pincel Para Coloração Corpus,4.8,,,,1,279,1,1,2023-05-17 22:44:12.660000
317,Pincel Com Pente Para Coloração Corpus,4.8,,,,1,280,1,1,2023-05-17 22:44:12.660000
318,Pincel Para Blush Corpus,13.3,,,,1,281,1,1,2023-05-17 22:44:12.660000
319,Pincel Chanfrado Para Blush Corpus,13.3,,,,1,282,1,1,2023-05-17 22:44:12.660000
320,Pincel Para Base Corretivo e Iluminador Corpus,16.0,,,,1,283,1,1,2023-05-17 22:44:12.660000
321,Pincel Grande Para Sombra Corpus,8.5,,,,1,284,1,1,2023-05-17 22:44:12.660000
322,Pincel Pequeno Para Sombra Corpus,9.7,,,,1,285,1,1,2023-05-17 22:44:12.660000
323,Pincel Para Lábios Corpus,7.2,,,,1,286,1,1,2023-05-17 22:44:12.660000
324,Pincel Duo Para Pó Compacto e Blush Corpus,17.5,,,,1,287,1,1,2023-05-17 22:44:12.660000
325,Pincel Duo Para Corretivo e Base Corpus,17.5,,,,1,288,1,1,2023-05-17 22:44:12.660000
326,Pincel Duo Para Sombra Corpus,8.4,,,,1,289,1,1,2023-05-17 22:44:12.660000
327,Pincel Duo Para Sombra e Iluminadior Corpus,17.5,,,,1,290,1,1,2023-05-17 22:44:12.660000
328,Kit Banho para Cabelos Nature Com 1 Pente e 1 Turbante Atoalhado Corpus,29.7,,,,1,293,1,1,2023-05-17 22:44:12.660000
329,Escova Para Lavar e Massagear as Costas Nature,55.0,,,,1,294,1,1,2023-05-17 22:44:12.660000
330,Toalha Para Lavar e Massagear as Costas Nature Corpus,18.6,,,,1,295,1,1,2023-05-17 22:44:12.660000
331,Luva Para Lavar e Massagear a Pele Nature Corpus,16.4,,,,1,296,1,1,2023-05-17 22:44:12.660000
332,Esponja Para Banho de Nylon Corpus,5.0,,,,1,297,1,1,2023-05-17 22:44:12.660000
333,Esponja Esfrelux Limpa Fácil Sem Cabo,18.1,,,,1,394,1,1,2023-05-17 22:44:12.660000
334,Touca Para Banho Sanfonada Com 3 Unidades Corpus,6.0,,,,1,299,1,1,2023-05-17 22:44:12.660000
335,Touca Plástica Para Banho Corpus,8.5,,,,1,300,1,1,2023-05-17 22:44:12.660000
336,Grampo Para Cabelo Moreno Número 5 Corpus,5.4,,,,1,301,1,1,2023-05-17 22:44:12.660000
337,Lava Louças Líquido Esfrelux Coco De 500 ml,2.2,,,,1,129,1,1,2023-05-17 22:44:12.660000
338,Esponja Esfrelux Multiuso Mega Bloco,6.6,,,,1,130,1,1,2023-05-17 22:44:12.660000
339,Limpador Multiuso Esfrelux Classic 500 ml,3.8,,,,1,131,1,1,2023-05-17 22:44:12.660000
340,inativo,108.9,,,,1,2,1,1,2023-05-17 22:44:12.660000
341,Limpador Multiuso Esfrelux Campestre 500 ml,3.8,,,,1,132,1,1,2023-05-17 22:44:12.660000
342,inativo 1,108.9,,,,1,3,1,1,2023-05-17 22:44:12.660000
343,Limpador Multiuso Esfrelux Forte 500 ml,4.0,,,,1,133,1,1,2023-05-17 22:44:12.660000
344,Vassoura Lava Casa Plástica Uso Externo Com Cabo Santa Maria-A,21.8,,,,1,5,1,1,2023-05-17 22:44:12.660000
345,Vassoura Phenix Multiuso Com Cabo Santa Maria,16.99,,,,1,6,1,1,2023-05-17 22:44:12.660000
346,Lava Roupas Líquido Esfrelux 1 Litro,9.7,,,,1,134,1,1,2023-05-17 22:44:12.660000
347,Vassoura Tutty Multiuso Com Cabo Santa Maria A,21.8,,,,1,7,1,1,2023-05-17 22:44:12.660000
348,Lava Roupas Líquido Esfrelux 2 Litros,15.8,,,,1,135,1,1,2023-05-17 22:44:12.660000
349,Vassoura Varre Casa Uso Interno Com Cabo Santa Maria,23.0,,,,1,8,1,1,2023-05-17 22:44:12.660000
350,Flotador Multiuso Esfrelux 2 litros,16.9,,,,1,136,1,1,2023-05-17 22:44:12.660000
351,Rodo Multiuso Com Cabo 30 Cm A,19.3,,,,1,9,1,1,2023-05-17 22:44:12.660000
352,Amaciante Amacilux Toque de Pureza 2 litros,6.6,,,,1,137,1,1,2023-05-17 22:44:12.660000
353,Rodo Multiuso Com Cabo 40 Cm,20.6,,,,1,10,1,1,2023-05-17 22:44:12.660000
354,Amaciante Amacilux Aconchego e Conforto 2 litros,6.6,,,,1,138,1,1,2023-05-17 22:44:12.660000
355,Rodo Multiuso Com Cabo 60 Cm A,1.1,,,,1,11,1,1,2023-05-17 22:44:12.660000
356,Amaciante Amacilux Maciez e Carinho 2 litros,6.6,,,,1,139,1,1,2023-05-17 22:44:12.660000
357,Espanador Sintético De 30 Cm,20.8,,,,1,12,1,1,2023-05-17 22:44:12.660000
358,Amaciante Amacilux Concentrado Salmon Soft 500 ml,6.6,,,,1,140,1,1,2023-05-17 22:44:12.660000
359,Espanador Pena De 30 Cm,41.5,,,,1,13,1,1,2023-05-17 22:44:12.660000
360,Amaciante Amacilux Concentrado Purple Soft 500 ml,6.6,,,,1,141,1,1,2023-05-17 22:44:12.660000
361,Espanador Pena De 40 Cm,72.5,,,,1,14,1,1,2023-05-17 22:44:12.660000
362,Facilitador De Passar Roupas Amacilux Spray 500 ml,8.7,,,,1,142,1,1,2023-05-17 22:44:12.660000
363,Escova Multiuso Oval,6.0,,,,1,15,1,1,2023-05-17 22:44:12.660000
364,Facilitador De Passar Roupas Amacilux Refil 500 ml,3.6,,,,1,143,1,1,2023-05-17 22:44:12.660000
365,Escova Multiuso Retangular,7.2,,,,1,16,1,1,2023-05-17 22:44:12.660000
366,Escova Multiuso Pequena,6.3,,,,1,17,1,1,2023-05-17 22:44:12.660000
367,Água Sanitária Esfrelux 1 litro,4.2,,,,1,145,1,1,2023-05-17 22:44:12.660000
368,Desentupidor De Pia,9.1,,,,1,18,1,1,2023-05-17 22:44:12.660000
369,Desentupidor Sanitário,12.5,,,,1,19,1,1,2023-05-17 22:44:12.660000
370,Caixa Com 6 Unidades De Desinfetante Esfrelux Pinho 2 L,34.2,,,,1,488,1,1,2023-05-17 22:44:12.660000
371,Caixa Com 6 Unidades De Desinfetante Esfrelux Eucalipto 2 L,34.2,,,,1,489,1,1,2023-05-17 22:44:12.660000
372,Caixa Com 12 Unidades De Limpador Perfumado Esfrelux Sensualidade 500 ml,38.4,,,,1,490,1,1,2023-05-17 22:44:12.660000
373,Caixa Com 12 Unidades De Limpador Perfumado Esfrelux Harmonia 500 ml,38.4,,,,1,491,1,1,2023-05-17 22:44:12.660000
374,Caixa Com 12 Unidades De Limpador Perfumado Esfrelux Emoção 500 ml,38.4,,,,1,492,1,1,2023-05-17 22:44:12.660000
375,Caixa Com 12 Unidades De Limpador Perfumado Esfrelux Mistérios 500 ml,38.4,,,,1,493,1,1,2023-05-17 22:44:12.660000
376,Caixa Com 12 Unidades De Limpador Perfumado Esfrelux Frescor 500 ml,38.4,,,,1,494,1,1,2023-05-17 22:44:12.660000
377,Caixa Com 12 Unidades De Limpador Perfumado Esfrelux Sensualidade 1 L,55.9,,,,1,495,1,1,2023-05-17 22:44:12.660000
378,Caixa Com 12 Unidades De Limpador Perfumado Esfrelux Harmonia 1 L,55.9,,,,1,496,1,1,2023-05-17 22:44:12.660000
379,Caixa Com 12 Unidades De Limpador Perfumado Esfrelux Emoção 1 L,55.9,,,,1,497,1,1,2023-05-17 22:44:12.660000
380,Caixa Com 12 Unidades De Limpador Perfumado Esfrelux Mistérios 1 L Com 12 Unidades ATACADO,55.9,,,,1,498,1,1,2023-05-17 22:44:12.660000
381,Caixa Com 12 Unidades De Limpador Perfumado Esfrelux Frescor 1 L,55.9,,,,1,499,1,1,2023-05-17 22:44:12.660000
382,Caixa Com 6 Unidades De Mop Flat Dupla Face,647.1,,,,1,500,1,1,2023-05-17 22:44:12.660000
383,Caixa Com 6 Unidades De Mop Refil Flat Dupla Face,286.0,,,,1,501,1,1,2023-05-17 22:44:12.660000
384,Caixa Com 6 Unidades De Mop Flat Microfibra,403.7,,,,1,502,1,1,2023-05-17 22:44:12.660000
385,Caixa Com 6 Unidades De Mop Refil Flat Microfibra,111.9,,,,1,503,1,1,2023-05-17 22:44:12.660000
386,Kit Cabide Para Camisas Com 9 unidades Santa Maria,26.1,,,,1,631,1,1,2023-05-17 22:44:12.660000
387,Kit Cabide Para Camisas Com 18 unidades Santa Maria,52.3,,,,1,632,1,1,2023-05-17 22:44:12.660000
388,Kit Cabide Para Camisas Com 27 unidades Santa Maria,78.3,,,,1,633,1,1,2023-05-17 22:44:12.660000
389,Kit Cabide Para Camisas Com 36 unidades Santa Maria,104.4,,,,1,634,1,1,2023-05-17 22:44:12.660000
390,"Kit Escovas De Cabelo Bellatrix Quadrada, Oval e Oblonga",65.3,,,,1,635,1,1,2023-05-17 22:44:12.660000
391,"Kit Escovas De Cabelo Glam Hit Quadrada, Oval e Oblonga",69.0,,,,1,636,1,1,2023-05-17 22:44:12.660000
392,Kit Cílios Postiços Com Formatos e Tamanhos Diferentes,16.3,,,,1,639,1,1,2023-05-17 22:44:12.660000
393,Caixa Com 24 Unidades De Esponja Splum Vegetal Pedaço Médio,144.5,,,,1,421,1,1,2023-05-17 22:44:12.660000
394,Caixa Com 24 Unidades De Esponja Splum Vegetal Oval Atoalhada,197.5,,,,1,422,1,1,2023-05-17 22:44:12.660000
395,Caixa Com 24 Unidades De Esponja Splum Vegetal In Natura Grande,224.2,,,,1,423,1,1,2023-05-17 22:44:12.660000
396,Caixa Com 24 Unidades De Esponja Splum Para Banho Fragrance,165.6,,,,1,424,1,1,2023-05-17 22:44:12.660000
397,Caixa Com 24 Unidades De Esponja Splum Para Banho Delicata,102.4,,,,1,425,1,1,2023-05-17 22:44:12.660000
398,Caixa Com 12 Pacotes De Esponja Splum Para Banho  Delicata,166.5,,,,1,426,1,1,2023-05-17 22:44:12.660000
399,Caixa Com 24 Unidades De Esponja Splum Para Banho Massageadora,110.8,,,,1,427,1,1,2023-05-17 22:44:12.660000
400,Caixa Com 24 Unidades De Esponja Splum Para Banho Baby,117.7,,,,1,428,1,1,2023-05-17 22:44:12.660000
401,Caixa Com 24 Unidades De Esponja Splum Para Banho Esfoliante,110.8,,,,1,429,1,1,2023-05-17 22:44:12.660000
402,Caixa Com 24 Unidades De Esponja Splum Para Banho Massageadora e Esfoliante,194.6,,,,1,430,1,1,2023-05-17 22:44:12.660000
403,Caixa Com 60 Unidades De Esponja Splum Para Banho Laqua Unitária,80.7,,,,1,431,1,1,2023-05-17 22:44:12.660000
404,Caixa Com 60 Pacotes De Esponja Esfrelux Lisa Com 2 Unidades,143.9,,,,1,432,1,1,2023-05-17 22:44:12.660000
405,Caixa Com 60 Pacotes De Esponja Esfrelux Crespa Com 2 Unidades,143.9,,,,1,433,1,1,2023-05-17 22:44:12.660000
406,Caixa Com 60 Pacotes De Esponja Esfrelux Dupla Face Com 2 Unidades,143.9,,,,1,434,1,1,2023-05-17 22:44:12.660000
407,Caixa Com 60 Pacotes De Esponja Esfrelux Multiuso,68.0,,,,1,435,1,1,2023-05-17 22:44:12.660000
408,Caixa Com 60 Pacotes De Esponja Esfrelux Multiuso Leve 4 Pague 3,165.4,,,,1,436,1,1,2023-05-17 22:44:12.660000
409,Caixa Com 60 Pacotes De Esponja Esfrelux Antiaderente,75.6,,,,1,437,1,1,2023-05-17 22:44:12.660000
410,Caixa Com 24 Pacotes De Esponja Esfrelux Limp Car,74.3,,,,1,438,1,1,2023-05-17 22:44:12.660000
411,Caixa Com 60 Pacotes De Esponja Esfrelux Multiuso com 3 Unidades,277.6,,,,1,439,1,1,2023-05-17 22:44:12.660000
412,Caixa Com 60 Pacotes De Esponja Esfrelux Soft,75.6,,,,1,440,1,1,2023-05-17 22:44:12.660000
413,Caixa Com 60 Pacotes De Esponja Esfrelux Antiaderente Com 3 Unidades,244.3,,,,1,441,1,1,2023-05-17 22:44:12.660000
414,Caixa Com 60 Pacotes De Esponja Esfrelux Soft Com 3 Unidades,244.3,,,,1,442,1,1,2023-05-17 22:44:12.660000
415,Caixa Com 60 Pacotes De Esponja Esfrelux Maxi Lemon,196.3,,,,1,447,1,1,2023-05-17 22:44:12.660000
416,SACO P/ LIXO AZUL 100 LTS EM ROLO (12 ROLOS C/ 15 UN),107.2,,,,1,791,1,1,2023-05-17 22:44:12.660000
417,Caixa Com 6 Unidades De Escova Bamboo Hit P,140.2,,,,1,612,1,1,2023-05-17 22:44:12.660000
418,Caixa Com 6 Unidades De Escova Bamboo Hit M,242.0,,,,1,613,1,1,2023-05-17 22:44:12.660000
419,Caixa Com 6 Unidades De Escova Bamboo Hit G,272.2,,,,1,614,1,1,2023-05-17 22:44:12.660000
420,Caixa Com 6 Unidades De Escova Bamboo Hit Quadrada,194.9,,,,1,615,1,1,2023-05-17 22:44:12.660000
421,Caixa Com 6 Unidades De Escova Bamboo Hit Oval,167.4,,,,1,616,1,1,2023-05-17 22:44:12.660000
422,Caixa Com 6 Unidades De Escova Brilliance Hit 35 mm,183.1,,,,1,617,1,1,2023-05-17 22:44:12.660000
423,Caixa Com 6 Unidades De Escova Long Thermal Hit 35 mm,305.9,,,,1,618,1,1,2023-05-17 22:44:12.660000
424,Caixa Com 12 Unidades De Limpador Concentrado Perfumado Talco,99.5,,,,1,679,1,1,2023-05-17 22:44:12.660000
425,Caixa Com 6 Unidades De Escova Purple Hit 20 mm,132.6,,,,1,619,1,1,2023-05-17 22:44:12.660000
426,Limpador Concentrado Perfumado Lavanda,9.2,,,,1,680,1,1,2023-05-17 22:44:12.660000
427,Caixa Com 6 Unidades De Escova Glam Hit Quadrada,111.8,,,,1,620,1,1,2023-05-17 22:44:12.660000
428,Caixa Com 6 Unidades De Escova Glam Hit Oval,100.2,,,,1,621,1,1,2023-05-17 22:44:12.660000
429,Caixa Com 12 Unidades De Limpador Concentrado Perfumado Lavanda,99.5,,,,1,681,1,1,2023-05-17 22:44:12.660000
430,Caixa Com 6 Unidades De Escova Glam Hit Oblonga,135.8,,,,1,622,1,1,2023-05-17 22:44:12.660000
431,Caixa Com 6 Unidades De Escova Glam Hit Quadrada White,111.8,,,,1,623,1,1,2023-05-17 22:44:12.660000
432,Caixa Com 6 Unidades De Escova Glam Hit Oval White,135.8,,,,1,624,1,1,2023-05-17 22:44:12.660000
433,Caixa Com 6 Unidades De Escova Glam Hit Oblonga White,77.9,,,,1,625,1,1,2023-05-17 22:44:12.660000
434,Caixa Com 6 Unidades De Escova Mega Hair,135.8,,,,1,626,1,1,2023-05-17 22:44:12.660000
435,Limpador Concentrado Perfumado Petcare,9.2,,,,1,682,1,1,2023-05-17 22:44:12.660000
436,Caixa Com 12 Unidades De Limpador Concentrado Perfumado Petcare,99.5,,,,1,683,1,1,2023-05-17 22:44:12.660000
437,Aromatizante De Ambiente Intense Spray 120 ml,10.7,,,,1,686,1,1,2023-05-17 22:44:12.660000
438,Caixa Com 12 Unidades De Aromatizante De Ambiente Intense Spray 120 ml,115.7,,,,1,687,1,1,2023-05-17 22:44:12.660000
439,Aromatizante De Ambiente Magia Spray 120 ml,10.7,,,,1,690,1,1,2023-05-17 22:44:12.660000
440,Caixa Com 12 Unidades De Aromatizante De Ambiente Black ml,115.7,,,,1,691,1,1,2023-05-17 22:44:12.660000
441,Caixa Com 12 Unidades De Aromatizante De Ambiente Magia Spray 120 ml,115.7,,,,1,692,1,1,2023-05-17 22:44:12.660000
442,Aromatizante De Ambiente Black 120 ml,10.7,,,,1,693,1,1,2023-05-17 22:44:12.660000
443,Mop Flat Chenille,72.6,,,,1,45,1,1,2023-05-17 22:44:12.660000
444,Mop Refil Chenille,27.5,,,,1,46,1,1,2023-05-17 22:44:12.660000
445,Mop Esfregão Absorvente POP,72.5,,,,1,47,1,1,2023-05-17 22:44:12.660000
446,Mop Refil Esfregão Absorvente POP,24.1,,,,1,48,1,1,2023-05-17 22:44:12.660000
447,Mop Limp Lav,30.2,,,,1,49,1,1,2023-05-17 22:44:12.660000
448,Balde Com Escorredor,65.2,,,,1,50,1,1,2023-05-17 22:44:12.660000
449,Rodinho De Pia,14.8,,,,1,51,1,1,2023-05-17 22:44:12.660000
450,Escova Lava Louças,14.8,,,,1,52,1,1,2023-05-17 22:44:12.660000
451,Rodo Multiuso Vip 30 Cm Com Cabo,17.0,,,,1,53,1,1,2023-05-17 22:44:12.660000
452,Rodo Multiuso Vip 40 Cm Com Cabo,18.1,,,,1,54,1,1,2023-05-17 22:44:12.660000
453,Mop Flat Microfibra,84.1,,,,1,55,1,1,2023-05-17 22:44:12.660000
454,Mop Refil Flat Microfibra,1.6,,,,1,56,1,1,2023-05-17 22:44:12.660000
455,Luvas Multiuso Vip Tamanho P Com 2 Unidades,5.9,,,,1,57,1,1,2023-05-17 22:44:12.660000
456,Luvas Multiuso Vip Tamanho M Com 2 Unidades,5.9,,,,1,58,1,1,2023-05-17 22:44:12.660000
457,Luvas Multiuso Vip Tamanho G Com 2 Unidades,5.9,,,,1,59,1,1,2023-05-17 22:44:12.660000
458,Saco Para Lixo Vip 15 Litros Em Rolo Com 20 Unidades,4.7,,,,1,60,1,1,2023-05-17 22:44:12.660000
459,Saco Para Lixo Vip 30 Litros Em Rolo Com 20 Unidades,6.1,,,,1,61,1,1,2023-05-17 22:44:12.660000
460,Saco Para Lixo Vip 50 Litros Em Rolo Com 20 Unidades,7.5,,,,1,62,1,1,2023-05-17 22:44:12.660000
461,Saco Para Lixo Vip 100 Litros Em Rolo Com 15 Unidades,10.0,,,,1,63,1,1,2023-05-17 22:44:12.660000
462,Vassoura Vip Multiuso Com Cabo,10.6,,,,1,64,1,1,2023-05-17 22:44:12.660000
463,Esponja Splum Vegetal Pedaço Pequeno Cor Santa Maria,7.2,,,,1,65,1,1,2023-05-17 22:44:12.660000
464,Esponja Splum Vegetal Pedaço Médio Santa Maria,8.3,,,,1,66,1,1,2023-05-17 22:44:12.660000
465,Esponja Splum Vegetal Oval Atoalhada Santa Maria,10.3,,,,1,67,1,1,2023-05-17 22:44:12.660000
466,Esponja Splum Vegetal In Natura Grande Santa Maria,23.4,,,,1,68,1,1,2023-05-17 22:44:12.660000
467,Escova Splum Lava Costas,30.1,,,,1,69,1,1,2023-05-17 22:44:12.660000
468,Esponja Splum Para Banho Fragrance Santa Maria,7.9,,,,1,70,1,1,2023-05-17 22:44:12.660000
469,Esponja Splum Para Banho Delicata Unitária Santa Maria,5.1,,,,1,71,1,1,2023-05-17 22:44:12.660000
470,Esponja Splum Para Banho  Delicata Com 3 Unidades Santa Maria,16.0,,,,1,72,1,1,2023-05-17 22:44:12.660000
471,Esponja Splum Para Banho Massageadora Santa Maria,6.0,,,,1,73,1,1,2023-05-17 22:44:12.660000
472,Esponja Splum Para Banho Baby Santa Maria,5.6,,,,1,74,1,1,2023-05-17 22:44:12.660000
473,Esponja Splum Para Banho Esfoliante Santa Maria,6.0,,,,1,75,1,1,2023-05-17 22:44:12.660000
474,Esponja Splum Para Banho Massageadora e Esfoliante Santa Maria,10.6,,,,1,76,1,1,2023-05-17 22:44:12.660000
475,Caixa Com 6 Unidades De Escova Sírus ABS Com Tubo De Alumínio e Cerdas Em Nylon De 30 mm,180.1,,,,1,577,1,1,2023-05-17 22:44:12.660000
476,Caixa Com 6 Unidades De Escova Sírus ABS Com Tubo De Alumínio e Cerdas Em Nylon De 25 mm,163.3,,,,1,578,1,1,2023-05-17 22:44:12.660000
477,Caixa Com 6 Unidades De Escova Adhara Madeira De Tubo Em Alumínio e Cerdas Em Nylon 40 mm,295.2,,,,1,579,1,1,2023-05-17 22:44:12.660000
478,Caixa Com 6 Unidades De Escova Adhara Madeira De Tubo Em Alumínio e Cerdas Em Nylon 35 mm,254.1,,,,1,580,1,1,2023-05-17 22:44:12.660000
479,Caixa Com 6 Unidades De Escova Adhara Madeira De Tubo Em Alumínio e Cerdas Em Nylon 25 mm,202.0,,,,1,581,1,1,2023-05-17 22:44:12.660000
480,Tesoura De Segurança Corpus,58.5,,,,1,661,1,1,2023-05-17 22:44:12.660000
481,Caixa Com 6 Unidades De Escova Adhara Madeira De Tubo Em Alumínio e Cerdas Em Nylon 20 mm,177.9,,,,1,582,1,1,2023-05-17 22:44:12.660000
482,Kit Pincéis Para Maquiagem,69.8,,,,1,662,1,1,2023-05-17 22:44:12.660000
483,Caixa Com 6 Unidades De Escova Liss Classic PP,55.6,,,,1,583,1,1,2023-05-17 22:44:12.660000
484,Kit Manicure,62.5,,,,1,663,1,1,2023-05-17 22:44:12.660000
485,Caixa Com 6 Unidades De Escova Liss Classic P,66.5,,,,1,584,1,1,2023-05-17 22:44:12.660000
486,CABO DE METAL PLASTIFICADO (  MASTER ),2.2,,,,1,664,1,1,2023-05-17 22:44:12.660000
487,Caixa Com 6 Unidades De Escova Liss Classic M,140.2,,,,1,585,1,1,2023-05-17 22:44:12.660000
488,Lava Lo,48.4,,,,1,665,1,1,2023-05-17 22:44:12.660000
489,Caixa Com 6 Unidades De Escova Liss Classic G,139.1,,,,1,586,1,1,2023-05-17 22:44:12.660000
490,Caixa Com 6 Unidades De Escova Yellow Hit 40 mm,254.9,,,,1,587,1,1,2023-05-17 22:44:12.660000
491,Lava Roupas Líquido Coco Esfrelux 2 Litros,15.8,,,,1,666,1,1,2023-05-17 22:44:12.660000
492,Caixa Com 6 Unidades De Escova Yellow Hit 35 mm,225.1,,,,1,588,1,1,2023-05-17 22:44:12.660000
493,Caixa Com 6 Unidades De Lava Roupas Líquido Coco Esfrelux 2 L,90.2,,,,1,667,1,1,2023-05-17 22:44:12.660000
494,Caixa Com 6 Unidades De Escova Yellow Hit 25 mm,242.0,,,,1,589,1,1,2023-05-17 22:44:12.660000
495,Flotador Multiuso Esfrelux 500 ml,8.6,,,,1,668,1,1,2023-05-17 22:44:12.660000
496,Caixa Com 6 Unidades De Escova Yellow Hit 20 mm,158.0,,,,1,590,1,1,2023-05-17 22:44:12.660000
497,Caixa Com 6 Unidades De Escova Pink Hit 40 mm,342.7,,,,1,591,1,1,2023-05-17 22:44:12.660000
498,Caixa Com 12 Unidades De Flotador Multiuso Esfrelux 500 ml,87.9,,,,1,669,1,1,2023-05-17 22:44:12.660000
499,Caixa Com 6 Unidades De Escova Pink Hit 20 mm,212.4,,,,1,592,1,1,2023-05-17 22:44:12.660000
500,Limpador Concentrado Perfumado Eucalipto,9.2,,,,1,670,1,1,2023-05-17 22:44:12.660000
501,Aromatizante De Ambiente Magia Spray 500 ml,20.6,,,,1,694,1,1,2023-05-17 22:44:12.660000
502,Caixa Com 6 Unidades De Aromatizante De Ambiente Magia Spray 500 ml,91.3,,,,1,695,1,1,2023-05-17 22:44:12.660000
503,Aromatizante De Ambiente Intense Spray 500 ml,20.6,,,,1,696,1,1,2023-05-17 22:44:12.660000
504,Caixa Com 6 Unidades De Aromatizante De Ambiente Intense Spray 500 ml,111.4,,,,1,697,1,1,2023-05-17 22:44:12.660000
505,Aromatizante De Ambiente Black Spray 500 ml,20.6,,,,1,698,1,1,2023-05-17 22:44:12.660000
506,Caixa Com 6 Unidades De Aromatizante De Ambiente Black Spray 500 ml,111.4,,,,1,699,1,1,2023-05-17 22:44:12.660000
507,Lava Louças Líquido Esfrelux Anti Odor De 500 ml,2.2,,,,1,700,1,1,2023-05-17 22:44:12.660000
508,Caixa Com 24 Unidades De Lava Louças Líquido Esfrelux Anti Odor De 500 ml,36.3,,,,1,701,1,1,2023-05-17 22:44:12.660000
509,Saco Para Lixo 15 L Reforçado Almofada,6.2,,,,1,702,1,1,2023-05-17 22:44:12.660000
510,Saco Para Lixo 30 L Reforçado Almofada,6.2,,,,1,703,1,1,2023-05-17 22:44:12.660000
511,Saco Para Lixo 50 L Reforçado Almofada,6.6,,,,1,704,1,1,2023-05-17 22:44:12.660000
512,Saco Para Lixo 100 L Reforçado Almofada,6.6,,,,1,705,1,1,2023-05-17 22:44:12.660000
513,Saco Para Lixo 150 L Reforçado Almofada,7.4,,,,1,706,1,1,2023-05-17 22:44:12.660000
514,Saco Para Lixo 200 L Reforçado Almofada,8.2,,,,1,707,1,1,2023-05-17 22:44:12.660000
515,Saco Para Lixo 15 L Reforçado Em Rolo,10.7,,,,1,708,1,1,2023-05-17 22:44:12.660000
516,Saco Para Lixo 30 L Reforçado Em Rolo,20.7,,,,1,709,1,1,2023-05-17 22:44:12.660000
517,Saco Para Lixo 50 L Reforçado Em Rolo,24.8,,,,1,710,1,1,2023-05-17 22:44:12.660000
518,Saco Para Lixo 100 L Reforçado Em Rolo,24.8,,,,1,711,1,1,2023-05-17 22:44:12.660000
519,Saco Para Lixo 150 L Reforçado Em Rolo,20.2,,,,1,712,1,1,2023-05-17 22:44:12.660000
520,Saco Para Lixo 200 L Reforçado Em Rolo,29.2,,,,1,713,1,1,2023-05-17 22:44:12.660000
521,Caixa Com 40 Pacotes De Saco Para Lixo 15 L Reforçado Almofada,210.7,,,,1,720,1,1,2023-05-17 22:44:12.660000
522,Caixa Com 40 Pacotes De Saco Para Lixo 30 L Reforçado Almofada,210.7,,,,1,721,1,1,2023-05-17 22:44:12.660000
523,Caixa Com 40 Pacotes De Saco Para Lixo 50 L Reforçado Almofada,223.6,,,,1,722,1,1,2023-05-17 22:44:12.660000
524,Caixa Com 40 Pacotes De Saco Para Lixo 100 L Reforçado Almofada,223.6,,,,1,723,1,1,2023-05-17 22:44:12.660000
525,Caixa Com 40 Pacotes De Saco Para Lixo 150 L Reforçado Almofada,252.1,,,,1,724,1,1,2023-05-17 22:44:12.660000
526,Caixa Com 40 Pacotes De Saco Para Lixo 200 L Reforçado Almofada,279.4,,,,1,725,1,1,2023-05-17 22:44:12.660000
527,Grampo Para Cabelo Moreno Número 7 Corpus,9.1,,,,1,302,1,1,2023-05-17 22:44:12.660000
528,Grampo Para Cabelo Loiro Número 5 Corpus,5.4,,,,1,303,1,1,2023-05-17 22:44:12.660000
529,Grampo Para Cabelo Loiro Número 7 Corpus,9.1,,,,1,304,1,1,2023-05-17 22:44:12.660000
530,Grampo Para Cabelo Loiro Número 7 Corpus,6.7,,,,1,305,1,1,2023-05-17 22:44:12.660000
531,Kit Viagem Masculino Corpus,24.0,,,,1,306,1,1,2023-05-17 22:44:12.660000
532,Espelho Redondo de Bolsa Corpus,9.7,,,,1,307,1,1,2023-05-17 22:44:12.660000
533,Pente Infantil Baby Corpus Menino Corpus,4.8,,,,1,308,1,1,2023-05-17 22:44:12.660000
534,Pente Infantil Baby Corpus Menina Corpus,4.8,,,,1,309,1,1,2023-05-17 22:44:12.660000
535,Escova Yellow Hit 40 mm,62.8,,,,1,310,1,1,2023-05-17 22:44:12.660000
536,Escova Yellow Hit 35 mm,55.6,,,,1,311,1,1,2023-05-17 22:44:12.660000
537,Escova Yellow Hit 25 mm,44.4,,,,1,312,1,1,2023-05-17 22:44:12.660000
538,Escova Yellow Hit 20 mm,38.9,,,,1,313,1,1,2023-05-17 22:44:12.660000
539,Escova Pink Hit 40 mm,60.5,,,,1,314,1,1,2023-05-17 22:44:12.660000
540,Escova Pink Hit 20 mm,32.7,,,,1,315,1,1,2023-05-17 22:44:12.660000
541,Escova Blue Hit 40 mm,36.3,,,,1,316,1,1,2023-05-17 22:44:12.660000
542,Escova Blue Hit 35 mm,48.4,,,,1,317,1,1,2023-05-17 22:44:12.660000
543,Escova Blue Hit 25 mm,38.6,,,,1,318,1,1,2023-05-17 22:44:12.660000
544,Escova Blue Hit 20 mm,32.7,,,,1,319,1,1,2023-05-17 22:44:12.660000
545,Escova Spiral Hit 40 mm,41.5,,,,1,320,1,1,2023-05-17 22:44:12.660000
546,Escova Spiral Hit 35 mm,33.6,,,,1,321,1,1,2023-05-17 22:44:12.660000
547,Escova Spiral Hit 25 mm,26.5,,,,1,322,1,1,2023-05-17 22:44:12.660000
548,Escova Spiral Hit 20 mm,23.9,,,,1,323,1,1,2023-05-17 22:44:12.660000
549,Escova Miss Hit 40 mm,56.2,,,,1,324,1,1,2023-05-17 22:44:12.660000
550,Escova Miss Hit 35 mm,49.6,,,,1,325,1,1,2023-05-17 22:44:12.660000
551,Escova Miss Hit 20 mm,29.4,,,,1,326,1,1,2023-05-17 22:44:12.660000
552,Escova Soft Hit 40 mm,52.3,,,,1,327,1,1,2023-05-17 22:44:12.660000
553,Escova Soft Hit 35 mm,45.6,,,,1,328,1,1,2023-05-17 22:44:12.660000
554,Escova Soft Hit 25 mm,35.8,,,,1,329,1,1,2023-05-17 22:44:12.660000
555,Escova Soft Hit 20 mm,27.3,,,,1,330,1,1,2023-05-17 22:44:12.660000
556,Escova Sensitive Hit 40 mm,50.5,,,,1,331,1,1,2023-05-17 22:44:12.660000
557,Escova Sensitive Hit 35 mm,44.9,,,,1,332,1,1,2023-05-17 22:44:12.660000
558,Escova Sensitive Hit 25 mm,36.1,,,,1,333,1,1,2023-05-17 22:44:12.660000
559,Escova Sensitive Hit 20 mm,31.9,,,,1,334,1,1,2023-05-17 22:44:12.660000
560,Escova Bamboo Hit P,21.1,,,,1,335,1,1,2023-05-17 22:44:12.660000
561,Escova Bamboo Hit M,25.2,,,,1,336,1,1,2023-05-17 22:44:12.660000
562,Escova Bamboo Hit G,27.8,,,,1,337,1,1,2023-05-17 22:44:12.660000
563,Escova Bamboo Hit Quadrada,39.3,,,,1,338,1,1,2023-05-17 22:44:12.660000
564,Escova Bamboo Hit Oval,31.7,,,,1,339,1,1,2023-05-17 22:44:12.660000
565,Escova Sírus ABS Com Tubo De Alumínio e Cerdas Em Nylon De 25 mm,38.7,,,,1,225,1,1,2023-05-17 22:44:12.660000
566,Escova Adhara Madeira De Tubo Em Alumínio e Cerdas Em Nylon 40 mm,60.4,,,,1,226,1,1,2023-05-17 22:44:12.660000
567,Escova Adhara Madeira De Tubo Em Alumínio e Cerdas Em Nylon 35 mm,54.4,,,,1,227,1,1,2023-05-17 22:44:12.660000
568,Escova Adhara Madeira De Tubo Em Alumínio e Cerdas Em Nylon 25 mm,48.3,,,,1,228,1,1,2023-05-17 22:44:12.660000
569,Escova Adhara Madeira De Tubo Em Alumínio e Cerdas Em Nylon 20 mm,42.3,,,,1,229,1,1,2023-05-17 22:44:12.660000
570,Escova Liss Classic PP,16.2,,,,1,230,1,1,2023-05-17 22:44:12.660000
571,Escova Liss Classic P,17.3,,,,1,231,1,1,2023-05-17 22:44:12.660000
572,Escova Liss Classic M,21.1,,,,1,232,1,1,2023-05-17 22:44:12.660000
573,Escova Liss Classic G,24.1,,,,1,233,1,1,2023-05-17 22:44:12.660000
574,Curvador de Cílios Corpus,6.0,,,,1,234,1,1,2023-05-17 22:44:12.660000
575,Alicate para unha Corpus,31.9,,,,1,235,1,1,2023-05-17 22:44:12.660000
576,Cortador De Unhas De Luxo Corpus,4.7,,,,1,236,1,1,2023-05-17 22:44:12.660000
577,Tesoura De Segurança Corpus,58.5,,,,1,237,1,1,2023-05-17 22:44:12.660000
578,Tesoura De Unha Corpus,3.6,,,,1,238,1,1,2023-05-17 22:44:12.660000
579,Palito Duplo Corpus,5.3,,,,1,239,1,1,2023-05-17 22:44:12.660000
580,Palito Chanfrado Corpus,5.3,,,,1,240,1,1,2023-05-17 22:44:12.660000
581,Palito Desencravador Corpus,5.3,,,,1,241,1,1,2023-05-17 22:44:12.660000
582,Palito Cureta Corpus,5.8,,,,1,242,1,1,2023-05-17 22:44:12.660000
583,Palito Raspador Corpus,5.3,,,,1,243,1,1,2023-05-17 22:44:12.660000
584,Pente De Dentes Largos Com Cabo Corpus,6.8,,,,1,244,1,1,2023-05-17 22:44:12.660000
585,Pente De Dentes Largos Corpus,6.8,,,,1,245,1,1,2023-05-17 22:44:12.660000
586,Pente De Dentes Largos e Finos Modelo Curvo Corpus,6.8,,,,1,246,1,1,2023-05-17 22:44:12.660000
587,Pente De Dentes Largos e Finos Modelo Reto Corpus,6.8,,,,1,247,1,1,2023-05-17 22:44:12.660000
588,Pente Separador de Mechas Corpus,6.8,,,,1,248,1,1,2023-05-17 22:44:12.660000
589,Pente De Dentes Trançados Corpus,6.8,,,,1,249,1,1,2023-05-17 22:44:12.660000
590,Pente Para Uso Diário Corpus,6.8,,,,1,250,1,1,2023-05-17 22:44:12.660000
591,Pente De Tartaruga De Dentes Largos Corpus,6.8,,,,1,251,1,1,2023-05-17 22:44:12.660000
592,Pente De Tartatura Para Uso Diário Corpus,6.8,,,,1,252,1,1,2023-05-17 22:44:12.660000
593,Pente Masculino De Dentes Extra Finos e Largos Corpus,6.8,,,,1,253,1,1,2023-05-17 22:44:12.660000
594,Mop Flat Dupla Face,118.8,,,,1,41,1,1,2023-05-17 22:44:12.660000
595,Mop Refil Flat Dupla Face,43.3,,,,1,42,1,1,2023-05-17 22:44:12.660000
596,Mop Flat Microfibra,84.1,,,,1,43,1,1,2023-05-17 22:44:12.660000
597,Mop Refil Flat Microfibra,21.6,,,,1,44,1,1,2023-05-17 22:44:12.660000
598,Kit Escovas De Cabelo Antares De Madeira e Plástica e Magic Color,60.2,,,,1,649,1,1,2023-05-17 22:44:12.660000
599,Caixa Com 6 Unidades De Escova Magic Colors Black Oval,95.6,,,,1,567,1,1,2023-05-17 22:44:12.660000
600,Caixa Com 6 Unidades De Escova Magic Colors White Oval,92.8,,,,1,568,1,1,2023-05-17 22:44:12.660000
601,Kit Tábua De Carne Grande Esponja Crespa e Lava Louças Esfrelux Maçã,22.1,,,,1,650,1,1,2023-05-17 22:44:12.660000
602,Caixa Com 6 Unidades De Escova Atria ABS Com Tubo Cerâmico e Cerdas Mistas De 40 mm,229.9,,,,1,569,1,1,2023-05-17 22:44:12.660000
603,Kit Limpadores Multiuso Classic e Limpeza Pesada,10.5,,,,1,651,1,1,2023-05-17 22:44:12.660000
604,Caixa Com 6 Unidades De Escova Atria ABS Com Tubo Cerâmico e Cerdas Mistas De 35 mm,216.4,,,,1,570,1,1,2023-05-17 22:44:12.660000
605,Kit Desinfetante Esfrelux Lavanda e 2 Sacos Para Lixo de 50 e 100 L,24.0,,,,1,652,1,1,2023-05-17 22:44:12.660000
606,Caixa Com 6 Unidades De Escova Magic Colors Black White Quadrada,92.8,,,,1,571,1,1,2023-05-17 22:44:12.660000
607,Kit Esponja Multiso e Lava Louças,8.7,,,,1,653,1,1,2023-05-17 22:44:12.660000
608,Caixa Com 6 Unidades De Escova Atria ABS Com Tubo Cerâmico e Cerdas Mistas De 25 mm,171.7,,,,1,572,1,1,2023-05-17 22:44:12.660000
609,"Kit Esponjas Multiuso, Antiaderente e Soft",8.0,,,,1,654,1,1,2023-05-17 22:44:12.660000
610,Caixa Com 6 Unidades De Escova Atria ABS Com Tubo Cerâmico e Cerdas Mistas De 20 mm,150.6,,,,1,573,1,1,2023-05-17 22:44:12.660000
611,Caixa Com 6 Unidades De Escova Magic Colors Black White Oval,92.8,,,,1,574,1,1,2023-05-17 22:44:12.660000
612,"Kit Esponja Multiuso, Lava Louças e Rodo de Pia",12.2,,,,1,655,1,1,2023-05-17 22:44:12.660000
613,Caixa Com 6 Unidades De Escova Sírus ABS Com Tubo De Alumínio e Cerdas Em Nylon De 40 mm,229.9,,,,1,575,1,1,2023-05-17 22:44:12.660000
614,Kit Amaciantes e Facilitador de Passar Roupas,19.8,,,,1,656,1,1,2023-05-17 22:44:12.660000
615,Caixa Com 6 Unidades De Escova Sírus ABS Com Tubo De Alumínio e Cerdas Em Nylon De 35 mm,208.5,,,,1,576,1,1,2023-05-17 22:44:12.660000
616,Kit Desinfetantes de 500 ml e Saco para Lixo de 50 L,15.3,,,,1,657,1,1,2023-05-17 22:44:12.660000
617,Kit Limpador Perfumado Desinfetante e Amaciante,11.4,,,,1,658,1,1,2023-05-17 22:44:12.660000
618,"Kit Pá Plástica Para Lixo, Vassoura Phenix e Desinfetante de 2 L",23.1,,,,1,659,1,1,2023-05-17 22:44:12.660000
619,"Kit Esponjas Multiuso, Antiaderente e Soft",8.0,,,,1,660,1,1,2023-05-17 22:44:12.660000
620,Kit Beleza Bamboo Hit Com Escovas De Cabelo e Luva Para Lavar e Massagear a Pele,66.1,,,,1,753,1,1,2023-05-17 22:44:12.660000
621,Kit Beleza Escovas De Cabelo Antares De Madeira e Plástica e Magic Color,51.4,,,,1,758,1,1,2023-05-17 22:44:12.660000
622,Kit Limpeza Limpadores Multiuso Classic e Limpeza Pesada,10.5,,,,1,759,1,1,2023-05-17 22:44:12.660000
623,Kit Limpeza Desinfetante Esfrelux Lavanda e 2 Sacos Para Lixo de 50 e 100 L,24.0,,,,1,760,1,1,2023-05-17 22:44:12.660000
624,Kit Limpeza Esponja Multiso e Lava Louças,8.7,,,,1,761,1,1,2023-05-17 22:44:12.660000
625,"Kit Limpeza Esponjas Multiuso, Antiaderente e Soft",8.0,,,,1,762,1,1,2023-05-17 22:44:12.660000
626,"Kit Limpeza Esponja Multiuso, Lava Louças e Rodo de Pia",12.2,,,,1,763,1,1,2023-05-17 22:44:12.660000
627,Kit Limpeza Amaciantes e Facilitador de Passar Roupas,19.8,,,,1,764,1,1,2023-05-17 22:44:12.660000
628,Kit Limpeza Desinfetantes de 500 ml e Saco para Lixo de 50 L,15.3,,,,1,765,1,1,2023-05-17 22:44:12.660000
629,Kit Limpeza Limpador Perfumado Desinfetante e Amaciante,11.5,,,,1,766,1,1,2023-05-17 22:44:12.660000
630,"Kit Limpeza Pá Plástica Para Lixo, Vassoura Phenix e Desinfetante de 2 L",23.1,,,,1,767,1,1,2023-05-17 22:44:12.660000
631,"Kit Limpeza Esponjas Multiuso, Antiaderente e Soft",8.0,,,,1,768,1,1,2023-05-17 22:44:12.660000
632,Kit Limpeza Tábua De Carne Grande Esponja Crespa e Lava Louças Esfrelux Maçã,23.1,,,,1,771,1,1,2023-05-17 22:44:12.660000
633,teste kit,8.8,,,,1,772,1,1,2023-05-17 22:44:12.660000
634,Vassoura Varre Casa Uso Interno Com Cabo Santa Maria,23.0,,,,1,773,1,1,2023-05-17 22:44:12.660000
635,Vassoura Lava Casa Plástica Uso Externo Com Cabo Santa Maria,21.8,,,,1,774,1,1,2023-05-17 22:44:12.660000
636,Vassoura Phenix Multiuso Com Cabo Santa Maria,18.56,,,,1,775,1,1,2023-05-17 22:44:12.660000
637,Vassoura Tutty Multiuso Com Cabo Santa Maria,21.8,,,,1,776,1,1,2023-05-17 22:44:12.660000
638,Vassoura Terreiro Com Cabo Santa Maria,27.9,,,,1,778,1,1,2023-05-17 22:44:12.660000
639,Rodo Multiuso Com Cabo 30 Cm,19.3,,,,1,779,1,1,2023-05-17 22:44:12.660000
640,Rodo Multiuso Com Cabo 40 Cm,20.6,,,,1,780,1,1,2023-05-17 22:44:12.660000
641,Rodo Multiuso Com Cabo 60 Cm,31.9,,,,1,781,1,1,2023-05-17 22:44:12.660000
642,Esponja Esfrelux Limpa Fácil Com Cabo,23.99,,,,1,782,1,1,2023-05-17 22:44:12.660000
643,CABO DE METAL PLASTIFICADO,4.4,,,,1,783,1,1,2023-05-17 22:44:12.660000
644,Esponja Esfrelux Multiuso Com Cabo,20.2,,,,1,785,1,1,2023-05-17 22:44:12.660000
645,SACO P/ LIXO BAG ROLL 15 LTS (12 ROLOS C/ 100 UN),120.2,,,,1,789,1,1,2023-05-17 22:44:12.660000
646,Vassoura Piaçalux Com Cabo Santa Maria,20.0,,,,1,790,1,1,2023-05-17 22:44:12.660000
647,Escova Brilliance Hit 35 mm,44.8,,,,1,340,1,1,2023-05-17 22:44:12.660000
648,Escova Long Thermal Hit 35 mm,41.1,,,,1,341,1,1,2023-05-17 22:44:12.660000
649,Escova Purple Hit 20 mm,41.1,,,,1,342,1,1,2023-05-17 22:44:12.660000
650,Escova Glam Hit Quadrada,24.6,,,,1,343,1,1,2023-05-17 22:44:12.660000
651,Escova Glam Hit Oval,27.8,,,,1,344,1,1,2023-05-17 22:44:12.660000
652,Escova Glam Hit Oblonga,24.2,,,,1,345,1,1,2023-05-17 22:44:12.660000
653,Escova Glam Hit Quadrada White,30.2,,,,1,346,1,1,2023-05-17 22:44:12.660000
654,Escova Glam Hit Oval White,27.8,,,,1,347,1,1,2023-05-17 22:44:12.660000
655,Escova Glam Hit Oblonga White,22.0,,,,1,348,1,1,2023-05-17 22:44:12.660000
656,Pote Com Alça Para Coloração Corpus,12.1,,,,1,349,1,1,2023-05-17 22:44:12.660000
657,Borrifador Em Alumínio Corpus,23.1,,,,1,350,1,1,2023-05-17 22:44:12.660000
658,Vassoura Piaçalux Com Cabo Santa MariaA,20.0,,,,1,351,1,1,2023-05-17 22:44:12.660000
659,Pano Esfrelux Multiuso Dupla Face Unitário,6.0,,,,1,352,1,1,2023-05-17 22:44:12.660000
660,Pano Limpa Tudo,7.7,,,,1,353,1,1,2023-05-17 22:44:12.660000
661,Pano Limpa Tudo em Rolo,16.0,,,,1,354,1,1,2023-05-17 22:44:12.660000
662,Pano Versátil,9.4,,,,1,355,1,1,2023-05-17 22:44:12.660000
663,Pano Esfrelux Microfibra com 3 Unidades,18.1,,,,1,356,1,1,2023-05-17 22:44:12.660000
664,Pano Esfrelux Microfibra Unitário Tamanho M,9.7,,,,1,357,1,1,2023-05-17 22:44:12.660000
665,Pano Esfrelux Microfibra Unitário Tamanho G,15.6,,,,1,358,1,1,2023-05-17 22:44:12.660000
666,Esponja Splum Para Banho Laqua Leve 3 Pague 2 Santa Maria,4.8,,,,1,359,1,1,2023-05-17 22:44:12.660000
667,Esponja Splum Para Banho Baby Fragance Santa Maria,5.5,,,,1,360,1,1,2023-05-17 22:44:12.660000
668,Anti Mofo Esfrelux Com Aparelho,4.5,,,,1,361,1,1,2023-05-17 22:44:12.660000
669,Anti Mofo Esfrelux Refil,4.0,,,,1,362,1,1,2023-05-17 22:44:12.660000
670,Pastilha Esfrelux Adesiva Pinho,7.7,,,,1,363,1,1,2023-05-17 22:44:12.660000
671,Pastilha Esfrelux Adesiva Lavanda,7.7,,,,1,364,1,1,2023-05-17 22:44:12.660000
672,Pastilha Esfrelux Adesiva Citrus,7.7,,,,1,365,1,1,2023-05-17 22:44:12.660000
673,Gel Adesivo Esfrelux Lavanda 38 G,20.0,,,,1,370,1,1,2023-05-17 22:44:12.660000
674,Pincel Para Delinear os Olhos Corpus,7.2,,,,1,371,1,1,2023-05-17 22:44:12.660000
675,Bloco Polidor Corpus,71.1,,,,1,372,1,1,2023-05-17 22:44:12.660000
676,Escova Mega Hair,41.1,,,,1,373,1,1,2023-05-17 22:44:12.660000
677,Kit Para Tintura Corpus,10.0,,,,1,374,1,1,2023-05-17 22:44:12.660000
678,Prendedor Para Cabelo Tipo Piranha Com 6 Unidades Corpus,7.6,,,,1,375,1,1,2023-05-17 22:44:12.660000
679,Esponja Frangance Violeta Corpus,3.6,,,,1,376,1,1,2023-05-17 22:44:12.660000
680,Capa De Corte Meia Manga Corpus,20.6,,,,1,377,1,1,2023-05-17 22:44:12.660000
681,Capa Cobre Ombros Corpus,15.7,,,,1,378,1,1,2023-05-17 22:44:12.660000
682,Saco Para Lixo Esfrelux Plus Com 30 Litros Em Almofada Com 10 Unidades Santa Maria,6.0,,,,1,93,1,1,2023-05-17 22:44:12.660000
683,Saco Para Lixo Esfrelux Plus Com 50 Litros Em Almofada Com 10 Unidades Santa Maria,6.0,,,,1,94,1,1,2023-05-17 22:44:12.660000
684,Saco Para Lixo Esfrelux Plus Com 100 Litros Em Almofada Com 5 Unidades Santa Maria,6.0,,,,1,95,1,1,2023-05-17 22:44:12.660000
685,Saco Para Lixo Esfrelux Plus Com 200 Litros Em Almofada Com 5 Unidades Santa Maria,6.0,,,,1,96,1,1,2023-05-17 22:44:12.660000
686,Esponja Esfrelux De Aço Big 20 G,7.2,,,,1,103,1,1,2023-05-17 22:44:12.660000
687,Esponja Esfrelux De Aço Big 50 G,12.0,,,,1,104,1,1,2023-05-17 22:44:12.660000
688,Esponja Esfrelux Brilliance Com 3 Unidades,15.4,,,,1,105,1,1,2023-05-17 22:44:12.660000
689,Esponja Esfrelux Lisa Com 2 Unidades,4.2,,,,1,106,1,1,2023-05-17 22:44:12.660000
690,Esponja Esfrelux Crespa Com 2 Unidades,4.2,,,,1,107,1,1,2023-05-17 22:44:12.660000
691,Esponja Esfrelux Dupla Face Com 2 Unidades,4.2,,,,1,108,1,1,2023-05-17 22:44:12.660000
692,Esponja Esfrelux Multiuso Unitária,1.8,,,,1,109,1,1,2023-05-17 22:44:12.660000
693,Esponja Esfrelux Multiuso Leve 4 Pague 3,5.3,,,,1,110,1,1,2023-05-17 22:44:12.660000
694,Esponja Esfrelux Antiaderente Unitária,1.8,,,,1,111,1,1,2023-05-17 22:44:12.660000
695,Esponja Esfrelux Limp Car,4.0,,,,1,112,1,1,2023-05-17 22:44:12.660000
696,Esponja Esfrelux Multiuso com 3 Unidades,5.3,,,,1,113,1,1,2023-05-17 22:44:12.660000
697,Esponja Esfrelux Soft Unitária,1.8,,,,1,114,1,1,2023-05-17 22:44:12.660000
698,Esponja Esfrelux Antiaderente Com 3 Unidades,4.7,,,,1,115,1,1,2023-05-17 22:44:12.660000
699,Esponja Esfrelux Soft Com 3 Unidades,4.7,,,,1,116,1,1,2023-05-17 22:44:12.660000
700,Esponja Esfrelux Multiuso Com Formato Protetor De Unhas Unitária,3.0,,,,1,117,1,1,2023-05-17 22:44:12.660000
701,Esponja Esfrelux Limp Grill,7.1,,,,1,118,1,1,2023-05-17 22:44:12.660000
702,Esponja Esfrelux Soft Com Formato Protetor De Unhas Unitária,3.0,,,,1,119,1,1,2023-05-17 22:44:12.660000
703,Esponja Esfrelux Antiaderente Com Formato Protetor De Unhas Unitária,3.0,,,,1,120,1,1,2023-05-17 22:44:12.660000
704,Esponja Esfrelux Multiuso Com Formato Protetor De Unhas Com 3 Unidades,6.8,,,,1,121,1,1,2023-05-17 22:44:12.660000
705,Esponja Esfrelux Maxi Lemon,3.8,,,,1,122,1,1,2023-05-17 22:44:12.660000
706,Esponja Esfrelux Limpa Fácil Com Cabo A,23.0,,,,1,123,1,1,2023-05-17 22:44:12.660000
707,Esponja Esfrelux Multiuso Com Cabo A,20.2,,,,1,124,1,1,2023-05-17 22:44:12.660000
708,Lava Louças Líquido Esfrelux Neutro De 500 ml,2.2,,,,1,125,1,1,2023-05-17 22:44:12.660000
709,Lava Louças Líquido Esfrelux Clear De 500 ml,2.2,,,,1,126,1,1,2023-05-17 22:44:12.660000
710,Lava Louças Líquido Esfrelux Limão De 500 ml,2.2,,,,1,127,1,1,2023-05-17 22:44:12.660000
711,Lava Louças Líquido Esfrelux Maçã  De 500 ml,2.2,,,,1,128,1,1,2023-05-17 22:44:12.660000
712,Unhas Postiças Colors Corpus Red Corpus,12.1,,,,1,254,1,1,2023-05-17 22:44:12.660000
713,Touca De Reflexo Corpus,8.5,,,,1,379,1,1,2023-05-17 22:44:12.660000
714,Unhas Postiças Colors Corpus Nude Corpus,12.1,,,,1,255,1,1,2023-05-17 22:44:12.660000
715,Saponáceo Em Pó Esfrelux Pinho 300 G,6.0,,,,1,380,1,1,2023-05-17 22:44:12.660000
716,Unhas Postiças Colors Corpus Black Corpus,12.1,,,,1,256,1,1,2023-05-17 22:44:12.660000
717,Vassoura Terreiro Com Cabo Santa Maria A,27.9,,,,1,381,1,1,2023-05-17 22:44:12.660000
718,Lixa De Pé Plástica Corpus,6.0,,,,1,257,1,1,2023-05-17 22:44:12.660000
719,Rodo Multiuso 30 Cm Sem Cabo,13.3,,,,1,382,1,1,2023-05-17 22:44:12.660000
720,Lixa Para Unha Com 5 Unidades Corpus,4.3,,,,1,258,1,1,2023-05-17 22:44:12.660000
721,Rodo Multiuso 40 Cm Sem Cabo,14.5,,,,1,383,1,1,2023-05-17 22:44:12.660000
722,Lixa Pedicure 2 em 1 Corpus,18.1,,,,1,259,1,1,2023-05-17 22:44:12.660000
723,Rodo Multiuso 60 Cm Sem Cabo,24.2,,,,1,384,1,1,2023-05-17 22:44:12.660000
724,Lixa Pedicure Tradicional Corpus,12.1,,,,1,260,1,1,2023-05-17 22:44:12.660000
725,Rodo Multiuso Vip 30 Cm Sem Cabo,6.4,,,,1,385,1,1,2023-05-17 22:44:12.660000
726,Lixa Para Unha Cor Parda Corpus,3.6,,,,1,261,1,1,2023-05-17 22:44:12.660000
727,Rodo Multiuso Vip 40 Cm Sem Cabo,7.1,,,,1,386,1,1,2023-05-17 22:44:12.660000
728,Lixa De Pé Reta Grande Corpus,7.7,,,,1,262,1,1,2023-05-17 22:44:12.660000
729,Vassoura Lava Casa Plástica Uso Externo Sem Cabo Santa Maria,16.9,,,,1,387,1,1,2023-05-17 22:44:12.660000
730,Lixa De Pé Reta Pequena Corpus,7.2,,,,1,263,1,1,2023-05-17 22:44:12.660000
731,Vassoura Phenix Multiuso Sem Cabo Santa Maria,12.1,,,,1,388,1,1,2023-05-17 22:44:12.660000
732,Vassoura Tutty Multiuso Sem Cabo Santa Maria,15.7,,,,1,389,1,1,2023-05-17 22:44:12.660000
733,Lixa De Pé Com Ralo Corpus,6.0,,,,1,265,1,1,2023-05-17 22:44:12.660000
734,Vassoura Varre Casa Uso Interno Sem Cabo Santa Maria,15.7,,,,1,390,1,1,2023-05-17 22:44:12.660000
735,Pedra Pomes Corpus,3.3,,,,1,266,1,1,2023-05-17 22:44:12.660000
736,Vassoura Vip Multiuso Sem Cabo,6.0,,,,1,391,1,1,2023-05-17 22:44:12.660000
737,Estojo Profissional Para Maquiagem Corpus,55.0,,,,1,267,1,1,2023-05-17 22:44:12.660000
738,Vassoura Piaçalux Sem Cabo Santa Maria,13.3,,,,1,392,1,1,2023-05-17 22:44:12.660000
739,Lixa Para Unha Unitária Corpus,5.1,,,,1,268,1,1,2023-05-17 22:44:12.660000
740,Pincéis Para Maquiagem Com 5 Unidades Corpus,15.7,,,,1,269,1,1,2023-05-17 22:44:12.660000
741,Vassoura Terreiro Sem Cabo Santa Maria,23.1,,,,1,393,1,1,2023-05-17 22:44:12.660000
